codigo;nombre;descripcion;id_prestador;id_laboratorio
0001;PUNTO FIJO # 0001;I.E GONZALO CONTRERAS ZAFRA;1;2
0001;PUNTO FIJO # 0001;VIVIENDA  FONTANERO CESAR AUGUSTO HENAO;2;2
0001;PUNTO FIJO #0001;ESCUELA FRANCISCO JOSE DE CALDAS;3;2
0001;0001 - ESCUELA ROSA ZARATE DE PEÑA;0001 - ESCUELA ROSA ZARATE DE PEÑA;4;2
0002;PUNTO FIJO#0002;FINCA AICARDO ARANGO.;5;2
0002;EKOFIL FILTRO ARACELI BERGARAFINCA CASCADA.;EKOFIL FILTRO ARACELI BERGARAFINCA CASCADA.;6;2
0002;PUNTO FIJO # 0002;VEREDA FLAUTAS. ESCUELA. PUNTO # 2.;7;2
0001;PUNTO FIJO # 0001;PORTERIA CONJUNTO CAMPESTRE AMBICHINTE. GRIFO INSTALADO EN EL LAVADERO.;8;2
0001;PUNTO FIJO # 0001; VEREDA EL DIAMANTE. GRIFO INSTALADO VIVIENDA  SR. CESAR ROJAS.;9;2
0003;PUNTO N° 3. ;VEREDA CAIMITAL. COLEGIO 20 DE JULIO. PUNTO N° 3. ;10;2
4051;PUNTO FIJO # 4051;CASA MARÍA MUÑOZ, SECTOR TRESQUEBRADAS. AL LADO BROCHE DE ENTRADA FINCA. ;11;2
0002;PUNTO FIJO # 0002;VEREDA EL RETIRO PARTE BAJA. VIVIENDA SR. REINALDO GOMEZ. INTRADOMICILIARIO.;12;2
4002;PUNTO FIJO # 4002;VEREDA LA YOLOMBA. LAVADERO RUBIANO. AL LADO DE MURO DE CONTENCIÓN EN PIEDRA - QUEBRADA LA ARGENTINA.;13;2
0001;PUNTO # 0001;VIVIENDA DEL SR. DIOMEDES SALAZAR. VEREDA YERBABUENA. GRIFO INSTALADO EN EL LAVADERO.;14;2
1604;PUNTO # 1;ESCUELA PABLO SEXTO. VEREDA LA ESMERALDA. PUNTO # 1.;15;2
0001;PUNTO FIJO # 0001;VEREDA CAMPOALEGRE. TANQUE DE ALMACENAMIENTO.;16;2
0001;PUNTO FIJO # 0001;VEREDA EL RETIRO PARTE ALTA. FINCA VILLA HERMOSA, GRIFO INTRADOMICILIARIO.;17;2
9001;PUNTO FIJO # 9001;CORREGIMIENTO DE MOZAMBIQUE VIVIENDA SR. RICARDO MONTERO. ESQUINA DE VIVIENDA VÍA EL TAMBOR.;18;2
0002;PUNTO FIJO #0002;I.E SANTA INES SEDE SAN JUAN BOSCO;19;2
0001;PUNTO FIJO #0001;I.E EL PLACER SEDE RAFAEL POMBO;20;2
0002;PUNTO FIJO # 0002;FINCA VENTEADEROS DIDIER HICAPIE.;21;2
0004;PUNTO FIJO # 0004;CASETA COMUNAL - BARRIO SALAZAR;22;2
0003;PUNTO FIJO #0003;VIVIENDA ANTONIO CORREA LEÓN - FINCA EL CRUCERO   - VEREDA LA POPALITA;23;2
0001;PUNTO FIJO # 0001;VIVIENDA FABIO ARBOLEDA VDA EL CASTILLO;24;2
0002;PUNTO FIJO #0002;ESCUELA RESGUARDO INDIGENA BANIA CHAMI Vda. LA SOLEDAD;25;2
0001;PUNTO FIJO #0001;TRAPICHE - VEREDA LA SOLEDAD;25;2
0001;EL HIDRANATE;PUNTO DE MUESTREO CONSTRUIDO EN CONCRETO CEMENTO SOBRE LA VÍA PRINCIPAL;26;2
0001;PUESTO DE SALUD;PUNTO DE MUESTREO PARTE EXTERNA;27;2
0030;VIVIENDA;;28;2
0046;VIVIENDA;;29;2
0001;PUNTO # 1 FINCA OVIDIO SALGADO - GRIFO LAVADERO;PUNTO # 1 GRIFO LAVADERO;30;2
0002;PUNTO FIJO # 2 CASA SERGIO ARENAS ;PUNTO FIJO # 2 CASA SERGIO ARENAS ;31;2
0001;PUNTO # 1 ESCUELA LOUREANO GOMEZ;PUNTO # 1;32;2
0001;PUNTO # 1  FINCA LA ESTRELLA - QUINCE LETRAS ;PUNTO # 1 ;33;2
0001;PUNTO # 1 ESCUELA LA PAVA - GRIFO LAVADERO;PUNTO # 1 GRIFO LAVADERO;34;2
0001;PUNTO FIJO # 1 FINCA PUERTO RICO;PUNTO FIJO # 1;35;2
0002;PUNTO # 2 ESCUELA GERMAN MEJIA TASCON- VDA LA ITALIA ;PUNTO # 2;36;2
0004;PUNTO # 4 ESCUELA ANTONIA SANTOS;PUNTO # 4 ESCUELA ANTONIA SANTOS;37;2
0001;PUNTO # 1 ESCUELA SANTA TERESITA - VEREDA BOLEO BAJO;PUNTO # 1;38;2
0001;PUNTO # 1 FRENTE A LA CANCHA - ALTO BOLEO -;PUNTO # 1;39;2
1263;PUNTO FIJO # 3 CR 15 CL 8 - MATADERO MUNICIPAL;PUNTO FIJO #126-3;40;2
1266;PUNTO FIJO # 6 CR 6 CL 5 - GUAYACANES TALLER MUNICIPAL;PUNTO FIJO # 126-6;40;2
1261;PUNTO FIJO # 1 CR 15 CL 6 - CANCHA LA ESPERANZA;PUNTO FIJO # 126-1;40;2
1264;PUNTO FIJO # 4 CR 1 CL 9 - CASETA COMUNAL CINCUENTENARIO;PUNTO FIJO # 126-3;40;2
1267;PUNTO # 126-7 CL 24 SALIDA TANQUE;PUNTO # 126-7 GRIFO LAVAPLATOS;40;2
1268;PUNTO FIJO # 7 CL 24 CR 11 - LA CIUDADELA -CENTRO COMUNITARIO;PUNTO FIJO # 126-8;40;2
1265;PUNTO FIJO # 5 CL 16 CR 4 - HOSPITAL SAN JORGE;PUNTO FIJO # 126-5 - CR 4 CL 11 - SAN JORGE;40;2
1268;PUNTO FIJO # 126-8 CENTRO COMUNITARIO;PUNTO FIJO # 126-8;40;2
0001;0001;Costado de la casa de la señora Ana Luisa Solarte, Corregimiento Guali;41;2
0001;PUNTO FIJO 0001;SALIDA TANQUE DE ALMACENAMIENTO/SALIDA TANQUE;42;2
0003;PUNTO FIJO #0003;VIVIENDA ELOY RODRIGUEZ-CORREGIMIENTO COLORADAS;43;2
0001;PUNTO FIJO #0001;SALIDA TANQUE DE ALMACENAMIENTO;44;2
0002;PUNTO FIJO #0002;ENTRADA A ANTIGUA ESCUELA JOSE MARIA CORDOBA;45;2
0004;PUNTO FIJO # 0004;VIVIENDA LETICIA VELEZ;46;2
1812;PUNTO FIJO # 1812;CORREGIMIENTO PROVIDENCIA - SECTOR EL COGOLLO. CASETA COMUNAL. COSTADO COCINA CASETA COMUNAL.;47;2
0001;PUNTO FIJO # 001;VEREDA JORDANCITO. VIVIENDA OMAIRA RAMOS. VIVIENDA DE TESORERA.;48;2
0001;PUNTO FIJO # 0001. FINCA PRIMAVERA;CORREGIMIENTO BORRERO AYERBE. KM 28 VÍA AL MAR. PARCELACIÓN ASOFLORESTA. AL INTERIOR DE LA FINCA LA PRIMAVERA.;49;2
0001;PUNTO FIJO # 0001;PRIMERA ETAPA. AL FRENTE DE LA CAPILLA. PARCELACIÓN EL BOSQUE.;50;2
0191;PUNTO FIJO # 0191;AL LADO ESQUINA SEÑORA SOLEDAD.  FRENTE A PUESTO DE SALUD.;51;2
0003;PUNTO FIJO # 0003;CANCHA DE FUTBOL. VEREDA LA CLORINDA. PUNTO # 3.;52;2
0026;PUNTO FIJO # 3;FRENTE A LA FINCA DAMASCO. PUNTO FIJO # 3;53;2
0027;PUNTO FIJO # 0027;FRENTE A FINCA DAMASCO KM 28.;54;2
1904;PUNTO FIJO # 1904;VEREDA EL DIVISO. CRUCERO DIVISO. PUNTO # 4.;55;2
0002;PUNTO FIJO # 0002; CORREGIMIENTO BORRERO AYERBE KM 26. FINCA VILLA MARIA. PARCELACION EL ENSUEÑO FRENTE A FINCA VILLA MARIA.;56;2
0001;ESCUELA DIEGO RENGIFO;ESCUELA DIEGO RENGIFO;57;2
0003;PUNTO FIJO # 0003;FINCA EL PLACER - AMADOR GIRALDO V/DA LINEA;57;2
0001;PUNTO FIJO #0001;IE SAGRADO CORAZON DE JESUS VDA LA ALBANIA ;59;2
0002;PUNTO FIJO #0002;VIVIENDA ARTURO SANCHEZ VDA CAÑAVERAL;60;2
0002;PUNTO FIJO # 0002;FINCA EL CAFETAL - NELSON GARCÍA - VEREDA EL CORAZÓN;61;2
0003;PUNTO FIJO # 0003;VIVIENDA AUREMIA SEGURA - VEREDA SANTA MARTHA;62;2
0002;PUNTO FIJO #0002;VDA LA GUERRA -FINCA LA GRACIELA;63;2
0002;PUNTO FIJO # 0002;ESCUELA SAN AGUSTÍN;64;2
0004;EKOFIL FILTRO M. BERENICE MUÑOZ VIVIENDA;EKOFIL FILTRO M. BERENICE MUÑOZ VIVIENDA.;65;2
0004;FILTRO EKOFIL PUESTO DE SALUD;FILTRO EKOFIL PUESTO DE SALUD;66;2
0002;PUNTO FIJO#0002; IE FRANCISCO DE PAULA SANTANDER VDA LA PALMERA;67;2
0004;EKOFILFILTRO CASA DE JAVIER MOCADA VEREDA SAN JOSE;EKOFILFILTRO CASA DE JAVIER MOCADA VEREDA SAN JOSE;68;2
0004;PUNTO FIJO #0004;FINCA DE SILVIO GARCIA/ CAMELLONES ALTO;69;2
0008;PUNTO FIJO # 0008;VIVIENDA NICOLAS MONTOYA - VEREDA CAMELLONES BAJO;69;2
0011;PUNTO FIJO # 0011;CORREGIMIENTO AUJI. CASA OSCAR NOGUERA VÍA EL CARRIZAL. AL LADO PUERTA METÁLICA CASA FISCAL DEL ACUEDUCTO. ;70;2
2002;PUNTO FIJO # 2002;CASETA COMUNAL - CORREGIMIENTO CARRIZAL. AL LADO POSTE ENTRADA CASA.;71;2
1204;PUNTO FIJO # 1204;CORREGIMIENTO EL MORAL. LOS VALDERRAMAS. AL LADO CHIVERA - VILLA MONTICELLO. ;72;2
0005;PUNTO FIJO # 0005;ANTIGUA INSPECCION DE POLICIA -VEREDA LA CABAÑA;73;2
0002;PUNTO FIJO # 0002;FRENTE A VIVIENDA DE JAIR AREVALO;74;2
0002;PUNTO FIJO # 0002;VIVIENDA JAVIER HERNÁNDEZ - VEREDA CAÑADA HONDA ALTA;75;2
0003;FILTRO CASERO - VIVIENDA DE ANTONIO CASTELLANO;VDA LOS ZAINOS, FILTRO CASERO - VIVIENDA DE ANTONIO CASTELLANO;76;2
0002;PUNTO FIJO # 0002;FRENTE A CASA DE MARGARITA GAITAN;77;2
0004;FILTRO EKOFIL VIVIENDA NATALIA BAHOS ;FILTRO EKOFIL VIVIENDA NATALIA BAHOS;78;2
0006;FILTRO CASERO VIVIENDA DE LUZ STELLA OSPINA;VDA LOS ZAINOS BAJOS, FILTRO CASERO VIVIENDA DE LUZ STELLA OSPINA;78;2
OOO4;PUNTO FIJO # 0004;FRENTE A VIVIENDA JULIO MARIN - VEREDA CALLE LARGA;79;2
0001;PUNTO FIJO # 0001;VIVIENDA SR. ARMANDO LUCUMI. VEREDA ALTAMIRA. PUNTO #1.;80;2
0001;PUNTO FIJO # 001;VEREDA MORAVIA. VIVIENDA FINCA SR. ARLEY CALAMBAS.;80;2
0001;PUNTO FIJO # 001;VEREDA CANAIMA. VIVIENDA SR. JORGE CHIVATA. ;82;2
0001;PUNTO FIJO # 0001;VEREDA COMINAL. VIVIENDA DEL Sr. HECTOR JAIME CARMONA. ;83;2
0001;PUNTO FIJO # 0001;VEREDA EL JARDIN. PUNTO DE MUESTREO TIENDA DON EVELIO.;84;2
0001;PUNTO FIJO # 0001;VIVIENDA SR. ISMAEL CARVAJAL. CORREGIMIENTO COCUYOS.;85;2
0002;PUNTO FIJO # 0002;CORREGIMIENTO JUNTAS. TIENDA PINILLA. ;86;2
0001;PUNTO FIJO # 1.;VEREDA ALTO DE LA JULIA. VIVIENDA FONTANERO. PUNTO FIJO # 1.;87;2
0003;PUNTO FIJO # 0003;PUNTO FIJO # 0003 AL LADO VIVIENDA DE LA SRA. GLADYS TORRES;88;5
0001;PUNTO FIJO # 0001;PUNTO FIJO # 0001 VIVIENDA SEÑOR JORGE SILVA  - CALLEJÓN DE LA IGLESIA ;88;5
0002;PUNTO FIJO # 0002;TIENDA LA EXPLANEACIÓN. PUNTO N° 2.;89;2
0004;PUNTO FIJO #0004;CASETA COMUNAL- VEREDA CORCEGA -MUNICIPIO LA UNION;90;2
0004;PUNTO FIJO #0004;VIVIENDA DE ABEL GALEANO/ VEREDA LA ISLA;91;2
0003;PUNTO FIJO #0003;VIVIENDA MARTIN GIL- VEREDA LA ISLA;91;2
0002;PUNTO FIJO # 0002;CASA HECTOR ISAIAS ORTIZ ;92;2
0002;PUNTO FIJO #0002;ESCUELA CAMILO TORRES VDA RIVERALTA;93;2
0001;PUNTO FIJO #0001;FINCA LA YESSICA ;94;2
0003;VIVIENDA PEDRO PABLO;;95;2
0001;INSTITUCION EDUCATIVA;;96;2
0002;PUNTO ESTACION;;97;2
0001;I.E JULIA SAAVEDRA;;98;2
0002;CASETA COMUNAL;;99;2
0001;ESCUELA TABLONES;;100;2
0001;POLIDEPORTIVO;;101;2
0001;VIA PRINCIPAL;;102;2
0004;K34 CLL100;;103;2
0001;PARQUE CALLE 100;;103;2
0002;PUNTO 1;;104;2
0001;ASOMEVI 1;;105;2
0002;P.M RECTA PALMIRA - CALI;;106;2
1002;PUNTO FIJO # 1002;AL LADO POSTE GUADUA ENTRADA VIVIENDA. CASA SRA. NATIVIDAD AGREDO.;107;2
0001;PUNTO # 1 VIVIENDA ANDREA PUERTAS;PUNTO # 1;108;2
0001;PUNTO # 1 ESCUELA ANTONIO RICAURTE - VEREDA EL AGRADO -;PUNTO # 1;109;2
0002;PUNTO FIJO # 2 ESCUELA DE RÍO GRANDE;PUNTO FIJO # 2;110;2
0001;PUNTO FIJO # 1 VIVIENDA AMILCAR CHITO ;PUNTO FIJO # 1;111;2
0001;PUNTO FIJO # 1 INSTITUCIÓN SAN PEDRO CLAVER  - LA PALMA FILTRO INTRADOCILIARIO;PUNTO FIJO # 1-FILTRO INTRADOCILIARIO;112;2
0003;FILTRO EKOFIL CASA LORENA SANCHEZ;FILTRO EKOFIL CASA LORENA SANCHEZ;113;2
0002;PUNTO FIJO # 2  FINCA EL TESORO;PUNTO FIJO # 2;114;2
0001;PUNTO # 1 CRUCERO DOÑA NOHEMY - VEREDA LA BELMIRA;PUNTO # 1 GRIFO LAVADERO;115;2
0004;FILTRO EKOFIL ESCUELA CRISTOBAL COLON;;115;2
0002;PUNTO # 2 ESCUELA LAUREANO CAICEDO - MIRAVALLE ALTO;PUNTO # 2;116;2
0002;PUNTO FIJO # 2 ESCUELA SAN VICENTE FERRER - LA ARABIA ;PUNTO FIJO # 2;117;2
0005;FILTRO EKOFIL FINCA SOL Y LUNA;FILTRO EKOFIL FINCA SOL Y LUNA;118;2
0001;PUNTO # 1 - SECTOR ESCUELA CAMILO TORRES;PUNTO # 1 - GRIFO PATIO ;118;2
0003;PUNTO # 3 VIVIENDA NACIANCENO CADAVID - VDA EL RUBI;;119;2
0002;PUNTO FIJO # 2 ESCUELA SANTA FE  COROZAL;PUNTO FIJO # 2;120;2
0001;PUNTO # 1  ESCUELA ANTONIA SANTOS - LA ITALIA;;121;2
0001;PUNTO FIJO # 1 SEDE ESCOLAR ACEVEDO Y GOMEZ;punto fijo # 1;122;2
0003;PUNTO FIJO # 3 LOTE CASETA COMUNAL ;PUNTO FIJO # 3;123;2
0001;PUNTO # 2 CASA ARIEL IMBACHI;PUNTO # 2 GRIFO LAVADERO;124;2
0002;PUNTO # 1 CASA # 8 - HECTOR FABIO VILLAREAL;PUNTO # 1 GRIFO ENTRADA CASA;125;2
0001;PUNTO FIJO # 0001 FILTRO EKOFIL -FINCA LA ESMERALDA -VIV ALBERTO GARCÍA ;FINCA LA ESMERALDA - VIV ALBERTO GARCÍA - VEREDA ARMENIA ALTA (Modificado 07-10-2025) ;126;2
0003;PUNTO FIJO # 0003;FINCA LOS CASTAÑO;126;2
0001;PUNTO # 0001;FINCA DE JOSÉ ALBERTO ALVA;127;2
0003;FILTRO EKOFIL VIVIENDA CLAUDIA MARCELA SARRIA;VEREDA LA ARMENIA BAJA, FILTRO EKOFIL VIVIENDA CLAUDIA MARCELA SARRIA;127;2
0007;EKOFIL FILTRO- VIVIENDA ALEJANDRO RAMIREZ;VEREDA EL PIE, EKOFIL FILTRO- VIVIENDA ALEJANDRO RAMIREZ;128;2
0005;EKOFIL FILTRO VIVIENDA ALEIDA MEJIA (CASA FONTANERO);VEREDA EL PIE EKOFIL FILTRO VIVIENDA ALEIDA MEJIA (cASA FONTANERO);128;2
0001;PUNTO FIJO #0001;VIVIENDA ALFREDO MARIN VDA CAJAMARCA;129;2
0001;PUNTO FIJO # 1 FRENTE A ESCUELA - LOS MATES;PUNTO FIJO # 1;130;2
0001;PUNTO # 1 TANQUE 1 - FINCA LA CASTALIA FLIA MARTINEZ;PUNTO # 1;131;2
0004;PUNTO # 4 VIVIENDA CRISTINA LOPEZ;PUNTO # 4 VIVIENDA CRISTINA LOPEZ;132;2
0003;PUNTO # 3 INSTITUCION EDUCATIVA 12 DE OCTUBRE- SEDE STA. ISABEL - CONGAL ALTO;PUNTO # 3 INSTITUCION EDUCATIVA 12 DE OCTUBRE- SEDE STA. ISABEL - CONGAL ALTO;133;2
0003;DIAGONAL A LA FINCA LA UNION;;134;2
0003;TRANSTURFORES;AREA DE ACCESO PUBLICO;135;2
0001;PUNTO FIJO # 0001; SALON SOCIAL CONDOMINIO. GRIFO UBICADO EN EL LAVADERO.;136;2
1902;PUNTO FIJO # 1902;AL LADO PORTADA FINCA. FINCA LAURENTINO.;137;2
0001;PUNTO FIJO # 0001;I.E SANTA ANA - VEREDA EL NARANJO;138;2
0001;PUNTO FIJO#0001;VIVIENDA DEL SEÑOR ALONSO;139;2
0002;PUNTO FIJO # 0002;I.E MANUELA BELTRAN - VEREDA NAPOLES;140;2
0002;PUNTO FIJO #0002;VIVIENDA DE JESÚS ARISTIZABAL - VEREDA ALTO BONITO;141;2
0001;PUNTO FIJO # 0001;ESCUELA GENERAL RENGIFO - VEREDA LAS VUELTAS;142;2
0001;PUNTO FIJO # 001;SECTOR CENTENARIO. VIVIENDA BETTY BENAVIDEZ. INTRADOMICILIARIO.;143;2
0001;DISPOSITIVO DE TRATAMIENTO INTRADOMICILIARIO VIVIENDA OSCAR.;VEREDA LA GUAIRA. SOLUCIÓN DE TRATAMIENTO DE AGUA INDIVIDUAL AL INTERIOR DE LA VIVIENDA SR. OSCAR MONTERO. TIPO FILTRO EKOFIL.;144;2
1901;PUNTO FIJO # 1901;SOBRE ÁNDEN AL LADO DEL MURO DIVISORIO PUESTO DE SALUD ESCUELA. PUESTO DE SALUD SAN ISIDRO.;145;2
0001;DISPOSITIVO DE TRATAMIENTO INTRADOMICILIARIO. VIVIENDA NIDIA.;CORREGIMIENTO EL RECREO. SOLUCIÓN DE TRATAMIENTO DE AGUA INDIVIDUAL AL INTERIOR DE LA VIVIENDA SRA. NIDIA LORENA CLAROS. TIPO FILTRO EKOFIL.;146;2
0001;PUNTO # 1 CASA HEINRICH SAUTER;PUNTO # 1 CASA HEINRICH SAUTER;147;2
0002;PUNTO FIJO # 0002 FILTRO EKOFIL - I.E RODRIGO LLOREDA CAICEDO SDE NUESTRA SEÑORA;I.E RODRIGO LLOREDA CAICEDO SEDE NUESTRA SEÑORA DEL CARMEN JAVIER ALONSO GUZMAN Modificado (07-10-2025);148;2
NAAP;ESTACION 0001 GRIFO  LABORATORIO ;;149;2
0001;PUNTO DE MUESTREO # 0001;FRENTE A LA PLANTA DE TRATAMIENTO DE AGUA POTABLE;150;2
0002;PUNTO DE MUESTREO # 0002;FRENTE A LA CASA NUMERO 63;150;2
0001;INSTITUCIÓN EDUCATIVA;;151;2
0001;I. EDUCATIVA SEDE NO. 121 HILBERTO HERRERA;;152;2
4002;PUNTO FIJO # 4002;SOBRE CALLEJÓN GERMÁN CARDONA. CALLEJÓN FINCA FREDY ALCALÁ.;153;2
0001;PUNTO # 1 CASA CAROLINA HERNANDEZ;PUNTO # 1 CASA CAROLINA HERNANDEZ;154;2
0002;PUNTO EN PARQUE INFANTIL;;155;2
0001;PUNTO FIJO # 0001;ESCUELA SALVADOR ROLDAN;156;2
0002;PUNTO FIJO #0002;IE JOSE CAICEDO CUERVO VDA VENTA QUEMADA;157;2
0002;PUNTO FIJO #0002;PUNTO LA Y VDA LA QUIEBRA;158;2
0002;PUNTO FIJO 0002;FINCA LA DIANA ;159;2
0001;PUNTO FIJO # 0001;VIVIENDA DE CARLOS LOPEZ;160;2
0002;PUNTO FIJO # 0002;COMPUETRTA ASORUT FRENTE CASA COG SAN ANTONIO;160;2
0001;PUNTO FIJO # 1 CAPILLA;PUNTO FIJO # 1;161;2
0002;VIVIENDA VIA PRINCIPAL LA PALOMA GRIFO LAVADERO CASA LUZ BELLY VILLADA;;162;2
0001;COLEGIO ATANASIO GIRARDOT GRIFO EXTERNO BAÑO MUJERES;;162;2
0001;FRENTE AL TANQUE DE ALMACENAMIENTO;;163;2
0004;FRENTE AL ESTABLO;;163;2
0003;FRENTE A LA GRANJA N°5;;163;2
0001;PUNTO DE MUESTREO 1;INSTITUCIÓN EDUCATIVA LA MARIA;164;2
0002;GRIFO EXTERNO PVC ENTRADA ÁREA ADMINISTRATIVA.;;165;2
0001;PLANTA DE TRATAMIENTO DE AGUA POTABLE;;165;2
0003;CENTRO DE ACONDICIONAMIENTO FÍSICO;;166;2
0001;GRIFO EXTERNO BLOQUE B DE CONTADURÍA ;;166;2
0001;INSTITUCION EDUCATIVA SAN RAFAEL;;167;2
0003;PUNTO FIJO # 0003;FRENTE A VIVIENDA JHONATAN BEDOYA;168;2
0002;PUNTO FIJO # 0002;ESCUELA POLICARPA SALAVARRIETA VEREDA EL BRILLANTE;168;2
0003;PUNTO FIJO #0003;FINCA EL RECUERDO VDA LA PLATA;169;2
0002;PUNTO FIJO # 0002;INSTITUCION EDUCATIVA CRISTO REY - VEREDA CALAMAR ;170;2
0002;PUNTO FIJO # 0002;PUESTO SALUD ;171;2
0002;PUNTO FIJ0 # 0002;ESC MARCO FIDEL SUARES -ENTRADA;172;2
1024;PUNTO FIJO # 1024;RANCHO JUANCHO, CACHIMBAL PARTE BAJA JACA # 10. AL LADO PUERTA DE ENTRADA AL RANCHO.;173;2
1102;PUNTO FIJO # 1102;SECTOR CALLE LARGA – CACHIMBAL ALTO. CASA SR. MESÍAS AL LADO DE PORTADA HACIENDA SAN ANTONIO.;174;2
0001;PUNTO # 1 SALIDA TANQUE - VEREDA LA RIVERA;PUNTO # 1 GRIFO LAVAPLATOS;175;2
8903;PUNTO #8903 FINCA ASSYS DONEYS - FINAL;PUNTO #8903 FINCA ASSYS DONEYS - FINAL;176;2
0001;PUNTO # 1 - ESCUELA NUESTRA SEÑORA DEL CARMEN;;177;2
0001;PUNTO # 1 CASETA COMUNAL - VDA EL DELIRIO;;178;2
0002;PUNTO # 2 ESCUELA CRISTOBAL COLÓN - VEREDA LA COLONIA -;PUNTO # 2;179;2
0001;PUNTO # 1 ESCUELA GUILLERMO VALENCIA - LAS DELICIAS -;PUNTO # 1;180;2
0002;PUNTO FIJO # 2 VUELTA AL LAGO - LOS PLANES -;VUELTA AL LAGO - LOS PLANES -;181;2
0001;PUNTO # 1 CASA MARCELO LIS - VEREDA MUÑECOS -;PUNTO # 1;182;2
0002;PUNTO FIJO # 2 FAMILIA BUSTOS - PUENTE TIERRA;PUNTO FIJO # 2;183;2
0004;VIA AL BOSQUE;VIA AL BOSQUE;184;2
0001;PUNTO # 1 FINCA BELLA VISTA - LA FLORESTA;;185;2
0001;FRENTE A LA CASA DE JAIR CORDOBA;punto concertado y creado sin especificaciones técnicas;186;2
0001;PUNTO UBICADO AL LADO DE LA TIENDA Y BILLARES LA PRIMAVERA;;187;2
0002;FINCA LA EDITH;;188;2
0001;PUNTO UBICADO AL INTERIOR DE LA FINCA LA SOFÍA;;189;2
0001;PUNTO UBICADO EN LA INSTITUCIÓN EDUCATIVA LEONOR LOURIDO SEDE PILAS DAPA;;190;2
4001;PUNTO FIJO # 4001;CALLEJÓN HACIA FINCA GERMÁN CÁRDENAS. AL LADO PORTAL INTERNO CALLEJÓN.;191;2
0001;PUNTO UBICADO FRENTE A LA CASA DE NELCY HOYOS;GRIFO;192;2
0003;FINCA BUENA VISTA;;193;2
0002;FRENTE AL COMANDO DE LA POLICIA;;193;2
0001;SALIDA PLANTA DE TRATAMIENTO;;193;2
0001;UBICADO AL LADO DE LA PORTERIA;;194;2
0001;UBICADO A LA ENTRADA DE LA EMPRESA DE BUSES TRANS INDUSTRIALES;CONCERTADO DE ACUERDO CON LAS ESPECIFICACIONES TÉCNICAS;195;2
0002;EN LA VÍA A LA CUMBRE AL FRENTE DE LA CASA DE AMPARO ZORRILLA;CONCERTADO DE ACUERDO CON LAS ESPECIFICACIONES TÉCNICAS;195;2
0001;SONORA CASETA DE VIGILANCIA;;196;2
0001;QUEBRADA OTOVAL CASA NUMERO 7;;196;2
0002;PUNTO FIJO # 0002;AVENIDA SANTO DOMINGO BARRIO ALFAGUARA ENTRADA CONDOMINIO TANGELOS COD 8522;197;5
0001;PUNTO FIJO # 1305;AVENIDA EL LAGO CALLE LA FONTANA - ENTRADA AL CONDOMINIO ENTRELAGOS  COD 8521;197;5
0005;PUNTO FIJO # 0005;CALLE 2 CARRERA 19SUR BARRIO ALFAGUARA PARQUE INFANTIL RIBERAS DEL ROSARIO COD: 8525;197;5
0004;PUNTO FIJO # 0004;CARRERA 22SUR CALLE 3SUR BARRIO ALFAGUARA ENTRADA SUR ORIENTAL CENTRO COMERCIAL ALFAGUARA COD: 8524;197;5
0003;SECTOR ESCUELA;;198;2
0001;SECTOR LOS PINTA;;198;2
0002;SALIDA TANQUE ALMACENTAMIENTO #2;;199;2
0004;DIAGONAL DIVINO NIÑO ;;199;2
0003;CURVA HACIA LA INMACULADA;;199;2
0023;PUNTO # 3. PUESTO DE SALUD ;BARRIO 1RO DE MAYO. FRENTE A PUESTO DE SALUD. PUNTO # 3.;200;2
0021;PUNTO FIJO # 0021;FRENTE HOSPITAL JOSE RUFINO VIVAS SEDE KM 30.;200;2
0003;SECTOR CENTRO FRENTE AL TANQUE DE ALMACENAMIENTO DEL PUESTO DE SALUD;;201;2
0001;SECTOR LOS PINOS FRENTE A LA OFICINA DEL ACUEDUCTO;;201;2
0002;SECTOR LA FRAGUA FRENTE AL CAMPAMENTO PINA DEL PAGUA;;201;2
0001;PUNTO FIJO # 0001;ETAPA  3. PARCELACION EL CARMELO. PUNTO N° 1.;202;2
0001;PUNTO 1 UBICADO EN TIENDA MIXTA LOS AMIGOS ; Punto Externo  en Red de Distribución punto de la quebrada Sinaí;203;2
0001;FRENTE BILLARES EL SOTANO;EN EL CENTRO POBLADO DE MIRAVALLE DAPA. CONSTRUIDO CON ESPECIFICACIONES TÉCNICAS;204;2
0001;VIA PRINCIPAL, FRENTE A LA IGLESIA LA TRINIDAD;;205;2
0002;CALLEJON LA COLINA, FRENTE A LA CASA #16;;205;2
0003;VIA PRINCIPAL, FRENTE A LA VIVIENDA DE MARIA EUGENIA CARDENAS;;205;2
0001;EN LA PARTE BAJA DE LAS ANTENAS DE RCN;Punto de muestreo construido de acuerdo con especificaciones técnicos;206;2
0001;PUNTO UBICADO EN PUERTO RICO;;206;2
7002;PUNTO # 2. GLORIA VIDAL;VEREDA CAIMITAL. VIVIENDA SRA. GLORIA VIDAL. PUNTO # 2. ;208;2
0031;PUNTO FIJO # 3.;CASA LAS PALMAS. VEREDA LOMITAS. PUNTO # 3.;209;2
0001;SECTOR MIGUEL URREA;;210;2
0003;CALLEJON CENTAUROS;;210;2
0004;SALIDA PTAP;;210;2
0002;SECTOR LAS PANELERAS, CASA FARID ANDRADE;;210;2
0002;FRENTE AL PUESTO DE SALUD;;211;2
0001;FRENTE AL VIADUCTO SOBRE EL RIO PANCE;;211;2
0004;SECTOR EL JARDIN;;211;2
0001;SALIDA T A #1 SECTOR ENTRERIOS;;212;2
0005;SALIDA T A # 3 SECTOR BRISAS;;212;2
0002;CALLE 12 #43-11 SECTOR CENTRO INSPECCION DE POLICIA;;212;2
0001;PUNTO # 1 VIVIENDA FERNANDO CAMPO;PUNTO # 1 GRIFO LAVAPLATOS;213;2
0001;PUNTO FIJO # 1 ESCUELA ATANASIO GIRARDOT;PUNTO FIJO # 1;213;2
0002;PORTERIA;PORTERIA;214;2
0441;PUNTO FIJO # 0441;VIA CALI - DAGUA KM 28. FRENTE A OFICINA DEL ACUEDUCTO - JUNTO AL PUESTO DE SALUD.;215;2
0001;FRENTE  A LA VIVIENDA DEL SEÑOR ORLANDO CASTAÑO - VECINOS CRISTO REY;;216;2
0002;C.A.I VECINOS DE CRISTO REY;;216;2
0004;VIA SECTOR LOS LAGOS;;217;2
0001;PUESTO DE SALUD - IPS HORMIGUERO;;217;2
0001;DISPOSITIVO DE TRATAMIENTO INTRADOMICILIARIO. VIVIENDA ESFUERZO.;SOLUCIÓN DE TRATAMIENTO DE AGUA INDIVIDUAL AL INTERIOR DE VIVIENDA ESFUERZO TIPO FILTRO EKOFIL. CORREGIMIENTO ATUNCELA.;218;2
1022;PUNTO FIJO # 1022;CORREGIMIENTO ATUNCELA VEREDA VIGIA. EN ENTRADA A CALLEJÓN. FINCA PREDIO MACONDO.;218;2
0001;PUNTO UBICADO AL FRENTE DE LA INSTITUCION EDUCATIVA;"
EN TANQUE AL FRENTE DE I. EDUCATIVA DE PREESCOLAR
";219;2
0002;TANQUE DE LOS ASTAIZA;;219;2
0001;UBICADA EN EL CRUCERO CALLE LA FONTANA  BUITRERA;construido de acuerdo con especificaciones tecnicas;220;2
2402;PUNTO FIJO # 2402;VÍA LAS BRISAS. ESCUELA. FINCA GUARNIZO AL LADO ALAMBRE DE PÚAS. VEREDA LAS BRISAS.;221;2
0004;SECTOR EL PLANETARIO, FRENTE A LA FINCA LA ARAUCARIA;;222;2
0001;SECTOR EL CRUCERO - FRENTE A CASA 37;SECTOR EL CRUCERO - FRENTE A CASA 37;222;2
0006;SECTOR EL FUTURO. FRENTE A VIVIENDA ANA GOMEZ;;223;2
0005;SECTOR EL FILO, FRENTE A LA ESCUELA;;223;2
0002;SECTOR LAS BRISAS, FRENTE A VIVIENDA SEÑOR GONZALO RIVERA;;223;2
0003;FRENTE A LA PTAR LA LEONERA;;224;2
0001;ENTRADA VIVIENDA SEÑOR FELIX PAEZ;;224;2
0002;FINCA LA ESPERANZA VIA AL ROSARIO;;225;2
0004;LA ROCHELA;;225;2
0001;SALIDA PTAP;;225;2
0002;CASA NACOR RUANO;;226;2
0018;LOS KIOSKOS -VEREDA TINAJAS;VEREDA TINAJAS;227;5
0017;IE MARIA AUXILIADORA;CORREGIMIENTO DE GUACHINTE EN LA IE MARIA AUXILIADORA;227;5
0001;FRENTE A TIENDA EL CRUCERO;;228;2
7003;PUNTO FIJO # 7003;SECTOR EL PIÑAL - DAGUA. CALLEJÓN TIERRA CALIENTE FRENTE A FINCA LA TUNA.;229;2
7004;PUNTO FIJO # 7004;CALLEJÓN LOS MONTILLA FRENTE A VIVIENDA OMAR MONTILLA. SECTOR LA MARIA.;229;2
0001;SALIDA PTAP;;231;2
0003;FRENTE A BIBLOTECA PUBLICA CASCAJAL;;232;2
0005;SECTOR PUEBLO NUEVO TANQUE DE ALMACENAMIENTO;;233;2
0001;SECTOR FATIMA GRIFO RED VIA PUBLICA;;233;2
0002;SECTOR CALLEJON CASCABELES DIAGONAL A CASA SANDRA OSPINA;;233;2
0003;SECTOR EL PLAN Y LA Y;;233;2
0004;FRENTE A LA FINCA DE LORENZO VARELA ;;234;2
0001;SALIDA PTAP EL MANANTIAL DE MORGAN E.S.P;;234;2
0001;FRENTE A TANQUE DE ALMACENAMIENTO PROYECTADO POR PRESTADOR;;235;2
0002;FRENTE FINCA SEÑOR VILLA;;235;2
0003;FRENTE A LA FINCA EL ESFUERZO;;236;2
0002;VIA PTAP;;237;2
0004;FRENTE A PESEBRERA SAN BARTOLO ;;238;2
0003;ENTRADA A CALLEJON SANTA ANA;;238;2
0001;SALIDA PTAP;;238;2
0001;PUNTO DE MUESTREO UBICADO EN LA FINCA PORTOBEHLO;GRIFO;239;2
0004;VIA LA LEONERA SANTA HELENA ALTO ANTES DE LA FINCA LA FONDA;;240;2
0002;VIA DIAMANTE FRENTE AL CAMPAMENTO BETANIA;;240;2
0006;FAMILIA ORTEGA;;241;2
7004;PUNTO FIJO # 7004;PUESTO DE SALUD (RED GUAYANGA). AL LADO DE POSTE FRENTE A PUESTO DE SALUD.;242;2
0002;EN LA INSTITUCION EDUCATIVA DEL CORREGIMIENTO LA BUITRERA;;243;2
0001;PUNTO FIJO # 001;SECTOR EL BOSQUE PARTE ALTA - VEREDA LA VENTURA. FRENTE A LA FINCA RECUCA.;244;2
0013;PUNTO FIJO # 002;CANCHA DE MICROFUTBOL – FRENTE A LA OFICINA. VEREDA LA VENTURA.;244;2
0001;PUNTO FIJO # 1 FINCA MANUEL ARANGO;PUNTO FIJO # 1 FINCA MANUEL ARANGO;245;2
0004;FAMILIA ENRIQUE CHAVEZ;familia enrique chavez;245;2
0004;PUNTO # 0004;VIA RIO CLARO FRENTE A VIVIENDA DE LA SEÑORA MARTHA CALDERON ;246;5
0001;PUNTO # 1. CHICOAGUAS – TANQUE # 3.;VIVIENDA SR. ALDEMAR FAJARDO. PUNTO # 1 INTRADOMICILIARIO. CHICOAGUAS – TANQUE # 3. VEREDA CHICORALITO.;247;2
7001;PUNTO # 1. CHICOAGUAS – TANQUE # 7.;VIVIENDA SRA. GLORIA BOLAÑOS FINA LA CENTELLITA. PUNTO # 1 INTRADOMICILIARIO. CHICOAGUAS – TANQUE # 7. VEREDA CHICORALITO.;247;2
4001;PUNTO # 4001. CHICOAGUAS – TANQUE # 4.;VILLA DANIELA. PUNTO # 4001 INTRADOMICILIARIO - LAVADERO. CHICOAGUAS – TANQUE # 4. VEREDA CHICORALITO.;247;2
0001;PUNTO # 1. CHICOAGUAS – TANQUE # 1.;VIVIENDA SR. LEONEL GUTIERREZ. PUNTO # 1 INTRADOMICILIARIO. CHICOAGUAS – TANQUE # 1. VEREDA CHICORALITO.;247;2
0001;PUNTO # 1. CHICOAGUAS – TANQUE # 2.;VIVIENDA SRA. LUZ DARY CASTAÑEDA. PUNTO # 1 INTRADOMICILIARIO. CHICOAGUAS – TANQUE # 2.;247;2
0005;PUNTO # 5. CHICOAGUAS – TANQUE # 5.;VIVIENDA SRA. CILA JULIA PERDOMO. PUNTO # 5. INTRADOMICILIARIO. CHICOAGUAS – TANQUE # 5. VEREDA CHICORALITO.;247;2
6001;PUNTO # 6001. CHICOAGUAS – TANQUE # 6.;VIVIENDA SRA. ILDA. PUNTO # 6001 INTRADOMICILIARIO. CHICOAGUAS – TANQUE # 6. VEREDA CHICORALITO.;247;2
0002;PUNTO FIJO # 2 PUESTO DE SALUD - VEREDA PUERTA NEGRA;PUNTO FIJO # 2;248;2
0003;FRENTE VIVIENDA FAMILIA VILLADA;;249;2
0001;SALIDA PTAP;;249;2
0313;PUNTO # 2. VILLA NANA;CORREGIMIENTO JIGUALES. FINCA VILLA NANA. PUNTO # 2.;250;2
0051;PUNTO FIJO # 0001;KM. 27. CARRETERA CENTRAL. FRENTE A VIVIENDA SR. CARLOS NARANJO;251;2
0001;PUNTO DE MUESTREO FRENTE A LA TIENDA DE BELEN CUCUYAME;;252;2
0001;PUNTO # 1 PORTERIA - GRIFO LAVADERO;PUNTO # 1 GRIFO LAVADERO;253;2
0001;FRENTE A FABRICA DE JABON;creado sin especificaciones tecnicas;254;2
0003;PUNTO # 3;VEREDA MACHADO. VIVIENDA HUMER LOPEZ.;255;2
3001;PUNTO FIJO # 3001;AL LADO POSTE ALUMBRADO PÚBLICO ESCUELA. ESCUELA – EL PORVENIR. ;256;2
0001;PUNTO FIJO # 1 SALIDA PLANTA INICIAL;PUNTO FIJO # 1;257;2
8004;PUNTO FIJO # 8004;VIVIENDA LUIS JOSE, PUEBLONUEVO. VÍA EL TAMBOR AL LADO PUERTA VIVIENDA.;257;2
0001;EN LA PARTE POSTERIOR DE LA PORTERÍA DE ENTRADA A LA PARCELACIÓN;Grifo ;259;2
0363;PUNTO FIJO # 0363;ANTIGUA VÍA AL MAR - KM 26 PEÑA ALEGRIA: DIAGONAL A VIVIENDA DE SRA. KAREN RUIZ.;260;2
0001;INTERIOR PTAP;ubicado al interior de la PTAP TERRANOVA SERVICIOS.;261;5
0002;COSTADO SUR OESTE PARQUE;;261;5
0003;ENTRADA PTAR;;261;5
0008;SOBRE CALLE 22;Plan Parcial Rodeo;261;5
0009;SOBRE LA CALLE 20C SECTOR J;;261;5
0010;ENTRE EDIFICIO F Y K,OASIS DE TERRANOVA;;261;5
0006;ESQUINA GLORIA SECTOR F;;261;5
0005;CANCHA MULTIPLE TERRANOVA 6TA ETAPA;;261;5
0004;JUNTO PORTERIA ESTACIÒN BOMBEO;;261;5
0003;SECTOR NEBLINAS;;262;2
0004;CONTIGUO VIVIENDA FAMILIA HOYOS ;;262;2
0002;PUNTO FIJO # 2 VEREDA POTRERILLO - VIVIENDA OLMEDO LEON;PUNTO FIJO # 2 VEREDA POTRERILLO - VIVIENDA OLMEDO LEON;263;2
0001;PUNTO FIJO # 001;PARCELACIÓN EL CORTIJO DEL PALMAR. KM 33.5 VÍA CALI - BUENAVENTURA. LOTE 16, LOTE COMÚN SOBRE VÍA PRINCIPAL. ;264;2
0007;FILTRO EKOFIL HACIENDA EL LLANITO;FILTRO EKOFIL HACIENDA EL LLANITO;265;2
0002;PUNTO FIJO # 2 FAMILIA VILLANUEZ;PUNTO FIJO # 2;265;2
0002;FRENTE AL MESON LAS LOMAS - MONACO;;266;2
0001;CALLE EL CHIMINANGO FRENTE A LA CASA #3;;266;2
0002;PUNTO FIJO # 2 CANCHA DE FUTBOL - CGTO. SAN ANTONIO DE PIEDRAS -;PUNTO FIJO # 2;267;2
0002;FRENTE A LA VIVIENDA SR CARLOS QUINTERO;;268;2
0001;SECTOR PESEBRERA ENTRADA AL MAMEYAL;;268;2
0002;CASA #9 FAMILIA TRUJILLO COLLAZOS;;269;2
0001;CASA #2O ALEYDA COLLAZOS;;269;2
0004;PORTERÍA (ÁRBOL));CONSTRUIDO DE ACUERDO CON ESPECIFICACIONES TECNICAS;270;2
0001;PUNTO FIJO # 1 - SAN PABLO CANCHA DE FÚTBOL;PUNTO FIJO # 1;271;2
0001;PUNTO FIJO # 1 FAMILIA AMAYA;PUNTO FIJO # 1 FAMILIA AMAYA;272;2
0001;SECTOR MANZANA H - FRENTE A LA CASA DE BEATRIZ OLAVE;;273;2
0002;SECTOR EL EDEN BAJO;;273;2
0050;VIVIENDA;;274;2
0001;PTAP;grifo PTAP;275;2
0001;AQPM1;MANZANA 20 SALIDA PLANTA DE TRATAMIENTO;276;1
0002;BO02;CRA 14 OESTE  con Carrera 7B Oeste;276;1
0001;BO01;SALIDA PLANTA DE TRATAMIENTO;276;1
0002;AQPM2;CARRERA 37 ENTRE CALLE 20 Y 21A MANZANA 11;276;1
0006;AQPM6;CALLE 16 CON CARRERA 34B RESERVA POBLADO CAMPESTRE;276;1
0003;AQPM3;CARRERA 33 CON CALLE 21A MANZANA 1;276;1
0004;AQPM4;CALLE 19 CON CARRERA 34 MANZANA 8;276;1
0004;BO04;Colegio Carrera 8A Oeste con Calle 24;276;1
0005;AQPM5;CALLE 22 CON CARRERA 43 MANZANA 32;276;1
0003;BO03;Calle 22 con Carrera 9 Oeste;276;1
0011;PUNTO FIJO # 1;CORREGIMIENTO COSTA RICA. CARRERA 7 # 11-23 PARQUE PRINCIPAL. PUNTO FIJO N° 1.;277;2
0142;PUNTO FIJO # 0142;HATO EL CORRAL FRENTE TIENDA MARÍA HELENA – CAMPOALEGRE. EN LIMITE PROPIEDAD.;278;2
0004;0004;CARRERA 5 CON CALLE 8 ESQUINA, BARRIO LEOPOLDO PETAL;279;2
0005;0005;B° PATIO BONITO, FINCA VILLA JULIANA;279;2
0002;0002;SALIDA DEL TANQUE DE ALMACENAMIENTO;279;2
0002;0002;AL LADO DE LA INSTITUCION EDUCATIVA LUIS CARLOS PEÑA;280;2
0001;0001;SALIDA DEL TANQUE DE ALMACENAMIENTO;280;2
0004;0004;FRENTE A LA CASETA COMUNAL;280;2
0005;FISCALIA GENERAL DE LA NACION;;281;2
0009;ESTADIO HERNANDO AZCARATE MARTINEZ;;281;2
0007;PARQUE LINEAL PALOBLANCO;;281;2
0002;COLEGIO SAN VICENTE DE PAUL;;281;2
0018;VIVIENDA;;282;2
0001;0001;SALIDA DEL TANQUE DE ALMACENAMIENTO;283;2
0022;VIVIENDA;;284;2
0020;VIVIENDA;;285;2
0026;VIVIENDA;;286;2
0001;0001;GRIFO UBICADO EN EL SALON SOCIAL;287;1
0032;VIVIENDA;;288;2
0033;PUNTO FIJO # 0033;CANCHA DE FUTBOL – CORREGIMIENTO EL CASTILLO. AL LADO DE CANCHA DE FUTBOL.;289;2
1202;PUNTO FIJO # 1202;"SECTOR LA ""Y"" BARRIO SIMON BOLIVAR - FRENTE A CASA DON CARLOS PORTILLA";290;2
0001;PUNTO FIJO # 2 OF. ACUEDUCTO;OFICINA ACUEDUCTO. CORREGIMIENTO PUENTE ROJO. PUNTO FIJO # 2;291;2
0003;PUNTO FIJO # 3 CAPILLA EVANGELISTA - BELLAVISTA;PUNTO FIJO # 3;292;2
0001;PUNTO FIJO # 1 PARQUE PRINCIPAL SALÓNICA;PUNTO FIJO # 1;293;2
0002;PUNTO FIJO # 2 ENTRE RIOS III - COLEGIO HERNANDO LLORENTE;PUNTO FIJO # 2;293;2
0005;PUNTO FIJO # 5 BARRIO LA CANCHA- CR 1  CL 13 - ;PUNTO FIJO # 5;293;2
0002;PUNTO FIJO # 2 - SEDE ACUAFENICIA;PUNTO FIJO # 2;294;2
0002;VIA PRINCIPAL BOCAS DE TULUA;;295;2
0004;CALLEJÓN JOSE ARCEL;;295;2
0003;CALLEJON ISABEL;;295;2
0001;CALLEJON PERSIDES ;;295;2
0001;DIAGONAL POZO 1 (ANTIGUO) VIVIENDA LIGIA ZUÑIGA;;296;2
0003;BARRANCO GRIFO EXTERNO;;296;2
0004;CALLEJON LAS HELICONIAS;;296;2
0002;VIA BOCAS DE TULUA - SECTOR PAPAYAL;;297;2
0003;CALLEJON CUMCHIPA;;297;2
0001;VIA CAIRO TRES ESQUINAS ; FRENTE TANQUE DE ALMACENAMIENTO;297;2
0005;PUNTO TRES JARDINES;;297;2
0002;PUNTO FIJO # 2 PUESTO DE SALUD;PUNTO FIJO # 2;298;2
0004;CALLEJON PRIMAVERA;;299;2
0005;CALLEJON LIMAR;;299;2
0001;VÍA PPAL RIOFRIO CAI LA CORALIA;;299;2
0002;CALLEJÓN BUENAVENTURA;;299;2
0001;PLANTA DE TRATAMIENTO;;300;2
0004;CALLEJON CHIVOS;;300;2
0002;ESQUINA VÍA LA LEONORA;;300;2
0003;PUNTO FIJO # 3 CASA PARROQUIAL - PLAZA PRINCIPAL -;PUNTO FIJO # 3 CASA PARROQUIAL - PLAZA PRINCIPAL -;301;2
0002;PUNTO FIJO # 0002;ESCUELA EL PIÑAL VDA CHAPINERO-PIÑAL;302;2
0003;PUNTO FIJO # 0003;"FINCA VILLA BALEARES - Vda BERLIN
";302;2
0004;FILTRO CASERO VIVIENDA DE RAMIRO GIRALDO;VDA, BELLA VISTA - FILTRO CASERO VIVIENDA DE RAMIRO GIRALDO;303;2
0003;FILTRO CASERO - VIVIENDA JULIAN ANDRES GIRALDO;vDA BELLA VISTA - FILTRO EKOFIL - VIVIENDA JULIAN ANDRES GIRALDO;303;2
0003;FILTRO CASERO FINCA EL VERGEL ;FILTRO CASERO EKOFIL - FINCA EL VERGEL ;303;2
0005;FILTRO CASERO - VIVIENDA DE ALONSO CARMONA;VDA, BELLA VISTA - FILTRO CASERO - VIVIENDA DE ALONSO CARMONA;303;2
0004;FILTRO EKOFIL - FINCA EL CIPRES - ORFILIA ACOSTA;FILTRO EKOFIL - FINCA EL CIPRES - ORFILIA ACOSTA;303;2
0003;PUNTO FIJO # 3 CASA ALVARO LEON;PUNTO FIJO # 3;304;2
0001;PUNTO FIJO # 0001;FRENTE A ESCUELA ANTONIO SANTOS - VEREDA EL RAIZAL ;305;2
0002;PUNTO FIJO #0002;FRENTE A PUESTO DE SALUD VDA TARRITOS ;305;2
0004;ESCUELA ANTONIO NARIÑO;escuela antonia arca;306;2
0004;PUNTO FIJO # 4 FINCA PINARES;PUNTO FIJO # 4 FINCA PINARES;307;2
0003;PUNTO FIJO # 3 VÍA TOTORO - ENTRADA TOTORO -;PUNTO FIJO # 3 VÍA TOTORO - ENTRADA TOTORO -;307;2
0008;PUNTO FIJO # 8 LA CUCHILLA - CENTRO POBLADO -;PUNTO FIJO # 8;307;2
0002;PUNTO FIJO # 2 VIVIENDA PABLO CORTEZ;PUNTO FIJO # 2  VIVIENDA PABLO CORTEZ;308;2
0002;PUNTO FIJO # 2 ESCUELA NUESTRA SEÑORA DE FATIMA LA RIVERA;PUNTO FIJO # 2;308;2
0002;PUNTO FIJO # 2 SECTOR IGLESIA DIVINO ECCE HOMO;PUNTO FIJO # 2;309;2
0001;PUNTO FIJO # 1 SALIDA TANQUE - SECTOR LA CRUZ;PUNTO FIJO # 1;310;2
0002;PLANTA LA RIVERA;;311;2
0010;CARRERA 23 CALLE 32 ;BARRIO ALVERNIA;311;2
0022;ESTACIÓN DE MUESTREO #0022;TANQUE LA RIVERA LA CRUZ;311;2
0005;CARRERA 40 CALLE 41 FRENTE A LA 14;;311;2
0006;CARRERA 40 CALLE 42;AL LADO DEL COLEGIO GIMNASIO DEL PACIFICO;311;2
0017;CALLE 34 CARRERA 22;BARRIO SAJONIA;311;2
0024;VIA PRINCIPAL CIENEGUETA;;311;2
0013;FRENTE AL PARQUE LINEAL JUAN MARIA CESPEDES;;311;2
0007;CARRERA 27A CALLE 34;;311;2
0014;TRANSVERSAL 12 CARRERA 18;;311;2
0018;BARRIO 7 DE AGOSTO;;311;2
NAAP;ESTACIÓN DE MUESTREO #0020;;311;2
0011;CARRERA 27A CALLE 34;BARRIO SALESIANO;311;2
0015;CARRERA 28 CALLE 19 TRINIDAD;;311;2
0016;CALLE 20 FRENTE AL N0 12 A 57 BARRIO OLMOS;;311;2
0004;CARRERA 40 CALLE 37;AL LADO DEL COLEGIO GIMNASIO EL PACIFICO;311;2
0001;ESTAMBUL ASOAGRIN LA CRUZ;;311;2
0003;0003- CARRERA 44 CALLE 37A;;311;2
0019;TRANSV. 12 CARRERA 19 BARRIO DEPARTAMENTAL;;311;2
0001;PUNTO FIJO # 0001;FINCA JOSE MARÍA LOZANO - VEREDA BÉLGICA;312;2
0001;PUNTO FIJO # 1 CR 6 CL 4 ESQUINA FRENTE TANQUES DE DISTRIBUCIÓN;PUNTO FIJO # 1;313;2
0005;PUNTO FIJO # 5 CL 10 CR 1F CASA TERCERA EDAD;PUNTO FIJO # 5;313;2
0003;PUNTO FIJO # 3 CL 13 CR 1 Y 2 - GUARDERÍA COLOMBINA;PUNTO FIJO # 3;313;2
0002;PUNTO FIJO #0002;PARQUE SAN FRANCISCO CORR SAN FRANCISCO;314;2
0002;PUNTO FIJO #0002;CLL 2 #8-11 B. VILLA NUBIA DORA LILIANA OCAMPO MARIN;315;2
0001;PUNTO  # 1 FINCA BUENAVISTA - SECTOR ESCUELA CRISTO REY -;PUNTO  # 1;316;2
0002;PUNTO FIJO # 2 FINCA EL PALMAR;PUNTO FIJO # 2;317;2
0003;PUNTO FIJO # 0003;FRENTE A PRIMERA VIVIENDA BAJANDO VDA LA DIAMANTINA;318;2
0003;PUNTO FIJO # 3 PORFIRIO MORENO;PUNTO FIJO # 3;319;2
0002;PUNTO FIJO # 2 CASA ALBEIRO SALAZAR - FILTRO INTRADOMICILIARIO;PUNTO FIJO # 2 - FILTRO INTRADOMICILIARIO;320;2
0002;PUNTO FIJO # 2 PUESTO SALUD;PUNTO FIJO # 2;321;2
0111;PUNTO FIJO # 001;CRA 10 N° 9-15. FRENTE OFICINA ASUAQ.;322;2
0002;PUNTO FIJO #0002;PUESTO DE SALUD;323;2
0002;PUNTO FIJO # 0002;COLEGIO MARIA ANALIA ORTIZ;323;2
0001;PUNTO FIJO # 0001;ESCUELA JUAN HURTADO Vda. LA PALMA;324;2
0002;PUNTO FIJO #0002;ESCUELA SEBASTIAN DE BELALCAZAR - VEREDA LA PALMA;324;2
0001;PUNTO DE MUESTREO UBICADO AL FRENTE DE LA FINCA EL BARCO;;325;2
0001;PUNTO AL FRENTE DE LA CASA DE POMPILIO;GRIFO;326;2
0002;PUNTO FIJO # 2 - SECTOR ESCUELA BUENOS AIRES;PUNTO FIJO # 2;327;2
0003;PUNTO FIJO # 3 FINCA BOLIVIA;PUNTO FIJO # 3 FINCA BOLIVIA;328;2
0001;PUNTO UBICADO EN LA PARTE BAJA DE LA PTAP;;329;2
0002;PUNTO FIJO #0002;CASA ALDINEBER NIETO VEREDA TAMBORAL;330;2
0003;PUNTO # 3 FINCA LAS VERANERAS;;331;2
0013;MARGARITA HURTADO;PUNTO DE MUESTREO MATERIALIZADO;332;3
0027;BODEGA SAAB CORDOBA;PUNTO DE MUESTREO MATERIALIZADO;332;3
0003;LA LIBERTAD;PUNTO DE MUESTREO MATERIALIZADO;332;3
0011;CAMILO TORRES;PUNTO DE MUESTREO  MATERIALIZADO;332;3
0014;LAS COLINAS;PUNTO MATERIALIZADO;332;3
0018;NAVEBUM;PUNTO DE MUESTREO MATERIALIZADO;332;3
0023;LUIS ABLANQUE DE LA PLATA;PUNTO DE MUESTREO MATERIALIZADO;332;3
0022;BELLAVISTA;PUNTO DE MUESTREO MATERIALIZADO;332;3
0024;LA TRANSFORMACION;PUNTO DE MUESTREO MATERIALIZADO;332;3
0002;LA DIGNIDAD;PUNTO DE MUESTREO CONCERTADO Y MATERIALIZADO;332;3
0010;EL TRIUNFO;PUNTO DE MUESTREO MATERIALIZADO;332;3
0012;EL DORADO;PUNTO DE MUESTREO MATERIALIZADO;332;3
0016;14 DE JULIO;PUNTO DE MUESTREO CONCERTADO;332;3
0001;CITRONELLA;PUNTO DE MUESTREO MATERIALIZADO ;332;3
0017;AV. PORTUARIA;PUNTO DE MUESTREO MATERIALIZADO;332;3
0015;PUNTO FIJO #0015;CUERPO DE BOMBEROS VOLUNTARIOS CRA 3 CALLE 9  B. GUADALUPE;333;2
0005;PUNTO FIJO #0005;I.P.S ZARAGOZA CRA 62#11-72 ZARAGOZA;333;2
0016;PUNTO FIJO #0016;CASA DE JUSTICIA CALLE 37 #1AN-02 B. SAN CARLOS;333;2
0021;PUNTO FIJO #0021;FRENTE A LA MZ 6 CASA 46 CIUDADELA BOSQUE LOS LAGOS-CALLE 14 #22-18;333;2
0008;PUNTO FIJO #0008;SUBESTACIÓN ELÉCTRICA SANTA MARIA,  CRA 2 CLL 24  B/SANTA MARIA;333;2
0002;PUNTO FIJO #0002;PARQUE DE LA FEDERACION CLL 10 CRA 13 B. EL SAMAN;333;2
0012;PUNTO FIJO # 0012;CRA 3  CON CLL 1 B/ SAN VICENTE IGLESIA SAN VICENTE;333;2
0010;PUNTO FIJO # 0010;CRA 8 # 8-11 B/ SAN NICOLAS ALCALDÍA MUNICIPAL;333;2
0004;PUNTO FIJO #0004;IGLESIA DE SAN AGUSTÍN CRA 26#2A-59 ;333;2
0006;PUNTO FIJO #0006;Vda EL GUANABANO CRA 12#1W-290;333;2
0013;PUNTO FIJO # 0013;CLL 17 CON CRA 13 Y 14 B/ VILLA HELENA POLIDEPORTIVO VILLA HELENA ;333;2
0007;PUNTO FIJO # 0007;CALL 14 CON CRA 3 NORTE B/ EL PRADO;333;2
0009;PUNTO FIJO # 0009;CLL 16 # 9-67 B/ MARISCAL ROBLEDO PARQUE MARISCAL ROBLEDO;333;2
0014;PUNTO FIJO #0014;PLANTA DE TRATAMIENTO # 1 CRA 1A CALLE 1E B.ORTEZ;333;2
0019;PUNTO FIJO #0019;BOMBEO ROBERTULIO LORA CRA 30 CLL3 B, ROBERTULIO LORA;333;2
0018;PUNTO FIJO #0018;CENTRO RECREACIONAL COMFANDI CLL 55 CRA 2 B. SANTA ANA;333;2
0020;PUNTO FIJO #0020;PLANTA DE TRATAMIENTO #2 CRA 2 CLL 1E B. ORTEZ;333;2
0001;ATRAS DE LA INSTITUCION EDUCATIVA SAN PEDRO CLAVER DE MULALO;construido con especificaciones técnicas;334;2
0001;MAYA01;"Salida planta potabilización
";335;1
0002;SALIDA TANQUE # 2 PARCELACIÓN EL RETIRO.;SALIDA TANQUE # 2 PARCELACIÓN EL RETIRO;336;2
0003;VENTOLINI;AL FRENTE/DIAGONAL A VENTOLINI Y LA 14.;336;2
0001;PUNTO FIJO # 0001;CORREGIMIENTO BITACO. VEREDA EL RETIRO. I.E. LA LIBERTAD SEDE CONCENTRACION DE DESARROLLO RURAL. INTRADOMICILIARIO, LAVAMANOS NIÑOS ULTIMA LLAVE.;337;2
0002;CONJUNTO RESIDENCIAL COLINA CAMPESTRE.;PARTE POSTERIOR A LA PORTERÍA DEL CONJUNTO RESIDENCIAL COLINA CAMPESTRE.;338;2
0002;0002;ESCUELA JOSÉ MªCÓRDOBA-CAUCASECO;339;2
0001;PUNTO DE MUESTREO DE LA ESTANCIA;PUNTO DE LA COLA DE RED ZONA SUR DE LA CIUDAD;339;2
0003;0003;DOMINGO LARGO;339;2
0005;PUNTO UBICADO EN LA ESTACION BOMBEO PUERTO ISAACS;PUNTO DE ENTRADA DE LA RED DE DISTRIBUCIÓN DE YUMBO. PLANTA PUERTO MALLARINO;339;2
0004;BRISAS DE LOS ALAMOS;ESTACION DE BOMBEO;341;2
0006;TERRON COLORADO;SALIDA PUESTO DE SALUD;341;2
0007;JUANAMBU;DIAGONAL A CONJUNTO RESIDENCIAL PARQUE IRIS;341;2
0010;BUENO MADRID;BOMBA GAZEL;341;2
0024;NUERVA FLORESTA;FUERA DE LA INSTITUCION EDUCATIVA JULIO CAICEDO Y TELLEZ;341;2
0027;CHAPINERO;"FRENTE A ESCUELA CROYDON
";341;2
0032;GUAYAQUIL;EDIFICIO EMCALI;341;2
0035;SAN CARLOS;SALIDA CENTRO MEDICO SANTIAGO APOSTOL ;341;2
0066;SILOE;FRENTE A ESTACION DE BOMBEROS;341;2
0067;CUARTO DE LEGUA;SALIDA DE CENTRO NEUROREHABILITACION;341;2
0018;SAN LUIS II;"PUESTO DE SALUD SAN LUIS II
";341;2
0020;ALFONSO LOPEZ II;"SALIDA FUNDACION LUZ DEL MUNDO
";341;2
0021;LAS CEIBAS;"DIAGONAL JUNTA DE ACCION COMUNAL LAS CEIBAS
";341;2
0025;LA FLORESTA;FUERA TALLER ELECTRICO;341;2
0060;VENEZUELA;GLORIETA LA REFORMA;341;2
0064;PARCELACIONES PANCE - COLOMBO BRITANICO;FRENTE A COLEGIO COLOMBO BRITANICO;341;2
0072;PAMPALINDA;FUERA DEL COLEGIO POLITECNCO MUNICIPAL;341;2
0105;PLANTA PUERTO MALLARINO;SALIDA PLANTA PUERTO MALLARINO;341;2
0028;COLESGUROS;"FRENTE A U. RESIDENCIA TORRES DEL PARQUE II 
";341;2
0031;SAN NICOLAS;SOBRE LA CARRERA 10;341;2
0033;PRADOS DE ORIENTE;FRENTE A GARITA CARCEL VILLA HERMOSA;341;2
0053;SAN JOAQUIN;PORTERIA COCA - COLA;341;2
0069;SAN FERNANDO NUEVO;ENTRADA OCCIDENTAL ESTADIO - SALIDA CAFETERÍA LOS ESTUDIANTES;341;2
0108;PLANTA LA REFORMA;SALIDA PLANTA LA REFORMA;341;2
0014;EL GUABITO;COLEGIO TECNICO MARIA ELVINIA;341;2
0015;CALIMA;FUERA DE LA 14 CALIMA;341;2
0023;BELLAVISTA;BELLAVISTA;341;2
0041;AMERICAS;"FUERA DEL CALI 8
";341;2
0045;PARCELACIONES PANCE - ALTOS DEL LILI;"CONDOMINIO CAMPESTRE ALTOS DEL LILI
";341;2
0065;PARCELACIONES PANCE -  PORTOBELLO;FRENTE A U. RESIDENCIAL PORTOBELLO;341;2
0116;PARCELACIONES PANCE;PARCELACIONES PANCE;341;2
0012;SALOMIA;SALOMIA;341;2
0034;VILLA DEL SUR;FRENTE A LA CANCHA;341;2
0047;GUALANDAY;GUALANDAY;341;2
0057;MELENDEZ;"FRENTE A CALI 18
";341;2
0063;AV CAÑASGORDAS;DETRÁS DE U. RESIDENCIAL TORRES DEL ALFEREZ REAL I;341;2
0002;LA FLORA I;ESQUINA RED POSTAL 4/72;341;2
0017;SAN LUIS I;"FRENTE A INSTITUCION  EDUCATIVA TECNICO INDUSTRIAL PEDRO ANTONIO MOLINA
";341;2
0019;GAITAN;SOBRE AV. CIUDAD DE CALI;341;2
0022;ANDRES SANIN;"SALIDA PARROQUIA NUESTRA SEÑORA DE LA ASUNCION
";341;2
0061;CIUDAD JARDIN;"CAI CIUDAD JARDIN
";341;2
0070;TEQUENDAMA;CENTRO COMERCIAL TEQUENDAMA;341;2
0106;LA BASE;SALIDA DE LA PLANTA ;341;2
0008;SANTA MONICA;BOMBA MOBIL;341;2
0013;TORRES DE COMFANDI;DETRÁS SUPERMERCADO COMFANDI;341;2
0026;EL TRONCAL;"PARROQUIA SAN JUAN EVANGELISTA
";341;2
0030;EL DORADO;"FRENTE A LA CANCHA
";341;2
0052;EL CANEY;U. RESIDENCIAL TORRES DE SAN AGUSTIN II;341;2
0107;SAN ANTONIO;SALIDA PLANTA RIO CALI;341;2
0113;PUERTO MALLARINO;PUERTO MALLARINO;341;2
0009;PEÑON;DIAGONAL A CENTRO DE ATENCION AL CLIENTE EMCALI;341;2
0016;FLORALIA;FRENTE A CANCHA MURLES;341;2
0038;SINDICAL;SINDICAL;341;2
0071;LOS FUNDADORES;NUEVO PUENTE PEATONAL;341;2
0117;SAN JUDAS TADEO;SAN JUDAS TADEO;341;2
0005;PUNTO FIJO # 0005  VERDE HORIZONTE;Condominio Campestre Verde Horizonte;342;5
0009;PUNTO FIJO # 0009 CIUDADELA MARBELLA;PARQUE PRINCIPAL CIUDADELA MARBELLA AL FRENTE DEL LAGO;342;5
1210;PUNTO FIJO # 1210;KM 3 VIA A ZARZAL CORR TIERRA BLANCA FRENTE A FRUTI NORTE;342;5
1212;PUNTO FIJO #1212; FRENTE SEDE EDUCATIVA CUARTO CENTENARIO - BARRIO SAN JOSE OBRERO;342;5
1304;PUNTO FIJO # 1304;ESCUELA NICOLAS BARRERO OLANO B. MATECAÑA;342;5
0005;VILL05;UBICADO EN LA  CARRERA 1 ENTRE CALLE 13 y 14, BARRIO 20 de JULIO. ;342;5
0091;PUNTO FIJO # 0091;MURO TRASERO CUERPO DE BOMBEROS. GRIFO INSTALADO EN UNA CAJA CON TAPA. CL.4 CR.7 BOMBEROS. CORREGIMIENTO SANTA ELENA. PUNTO MATERIALIZADO.;342;5
1218;PUNTO FIJO #1218;PARQUE IGLESIA CORR SANTA RITA;342;5
1364;PUNTO FIJO # 1364 CONJUNTO RESIDENCIAL CUIDAD COUNTRY II ;Tecnoquimicas Entrada de Jamundi. Porteria Conjunto Residencial Cuidad Country II ;342;5
2333;PUNTO # 2. CRA 22;CARRERA 22 CON CALLE 10. BARRIO RICAUTE. PUNTO # 2;342;5
2482;PUNTO FIJO # 2482;BOMBEROS. GRIFO INSTALADO EN UNA CAJA CON TAPA. PUNTO MATERIALIZADO. CR.6 CL.7 - BARRIO  LA ESTRELLA - BOMBEROS.;342;5
2757;PUNTO FIJO # 2757;CALLE 6 ENTRE CR.12 Y 12A BARRIO LA CABAÑA. I.E. CIUDAD FLORIDA. GRIFO INSTALADO EN UN POYO. MATERIALIZADO. ;342;5
3605;PUNTO FIJO # 5 CR 49 CL 56 - ESCUELA DEL DEPORTE;PUNTO FIJO # 5;342;5
0001;OT01;CASETA COMUNAL EL OTOÑO;342;5
1203;PUNTO FIJO # 1203;ESCUELA ELVIA PEÑA CRA 5N CLL 10 Y 11 B/ UNIÓN DE VIVIENDAS POPULARES ;342;5
1214;PUNTO FIJO # 1214;CLL 6 SALIDA  AL DOVIO Urb. EL PORTAL ;342;5
1216;PUNTO FIJO #1216;CRA 2 CLL 12-13  - COOP TRANS OCCIDENTE - B. SAN SEBASTIÁN;342;5
1219;PUNTO FIJO # 1219;CR 8 N-CLL 17 URBANIZACION PANORAMA;342;5
1222;PUNTO FIJO # 1222;CRA 17 CALLE 7 URBANIZACION SAN ESTEBAN ;342;5
1301;PUNTO FIJO # 1 CL 2 CON CR 6 Y 7 - CANCHA MULTIPLE;PUNTO FIJO # 1 CL 2 SUR CON CR 8 SUR - PARQUE JOSE ANTONIO GALÁN;342;5
2751;PUNTO FIJO # 2751;BARRIO EL CEDRO. GRIFO INSTALADO EN UN POYO. MATERIALIZADO. CR.36 # 7-07 BARRIO EL CEDRO.;342;5
3601;PUNTO FIJO # 1 SALIDA PTAP - PTAP;PUNTO FIJO # 1 ;342;5
3606;PUNTO FIJO # 6 - EL SALTO - ANTIGUA INSPECCION DE POLICIA;PUNTO FIJO # 6;342;5
0001;PUNTO # 1 PLANTA TRATAMIENTO;PUNTO # 1 planta tratamiento;342;5
0002;MAD01;DEBAJO DEL TANQUE DE ALMACENAMIENTO;342;5
0007;VILL06;Salida del tanque de almacenamiento de agua los Bomberos, al lado del jardín Los Lobitos;342;5
1101;PUNTO FIJO # 1 ESCUELA SAN JOSE - BARRIO SAN JOSE;PUNTO FIJO # 1;342;5
1306;PUNTO FIJO # 1306;CRA 9 #17-05 VDA/ SAMANÁ;342;5
2204;PUNTO FIJO # 4 CL 12 CR 15 - ESCUELA GABRIELA MISTRAL;PUNTO FIJO # 4;342;5
2766;PUNTO FIJO # 2766;CGTO SAN ANTONIO DE LOS CABALLEROS FRENTE OFICINA ACUAVALLE. GRIFO INSTALADO EN UN POYO. MATERIALIZADO. ;342;5
3607;PUNTO FIJO # 7 CL 61 CR 47 - ESCUELA ARMANDO ROMERO;PUNTO FIJO # 7;342;5
3616;PUNTO FIJO # 16 - CL 18 CR 3 DIAGONAL COLEGIO NUEVO HORIZONTE -SECTOR EL ESTADIO;PUNTO FIJO # 16;342;5
3618;PUNTO FIJO # 18 - CR 5 CON CL 26 MARGEN DERECHA SENTIDO SUR NORTE ENTR MT CIE AZ;PUNTO FIJO # 18;342;5
3624;PUNTO FIJO # 24 CL 3 # 12-87 - PARQUEADERO BOMBEROS;PUNTO FIJO # 24;342;5
0001;PUNTO # 1. PQR;CARRERA 3 # 1-96. BARRIO CANGREJO. CASA SRA. ROSELIA MEÑACA;342;5
0002;PUNTO #2. PQR;CARRERA 4 SUR # 7A-27. BARRIO ESPERANZA. CASA SR. JOIBER RUIZ;342;5
0004;CAB04;CRA 9 N° 8-21 B° SAN CRISTOBAL;342;5
0004;VILL04;FRENTE A LA CANCHA DEL TRONCO;342;5
1202;PUNTO FIJO# 1202;CRA 1A CLL 6 Y 7 JARDIN INFANTIL  B.SAN SEBASTIAN;342;5
1207;PUNTO FIJO # 1207;CORR PALMAR GUAYABAL PUESTO DE SALUD;342;5
1305;PUNTO FIJO # 5 CL 7 CON CR 6 Y 7 - ESCUELA LA MARIA;PUNTO FIJO # 5 FRENTE ESC. MARIA INMACULADA;342;5
2208;PUNTO FIJO # 8 SALIDA VDA EL BRILLANTE -PLANTA PTAP ACUAVALLE;PUNTO FIJO # 8 ;342;5
2753;PUNTO FIJO # 2753;CR.21 CON CL.17 # 17-57. BARRIO VILLA NANCY. FRENTE VIVIENDA # 17-57. GRIFO INSTALADO EN UN POYO. MATERIALIZADO.;342;5
3186;PUNTO SONSO # 1;CORREGIMIENTO SONSO. PUNTO FIJO 318-06. AL FRENTE DE LA I.E. SIMON BOLIVAR. CAPILLA.;342;5
3188;PUNTO FIJO # 3188;SECTOR TRES ESQUINAS, CORREGIMIENTO GUABITAS. PUNTO FIJO # 318-08.;342;5
3642;PUNTO FIJO # 3642  BARRIO CUIDAD SUR ; Barrio Cuidad Sur Escuela Pablo VI. Cl 19 Cr 7  ;342;5
4203;PUNTO FIJO # 4203;CLL 16# 13-40 CENTRO ESCUELA MAGDALENA ORTEGA;342;5
0001;VILL01;Punto ubicado en la calle 10 con carrera 12, Parque Los Fundadores (Parque Viejo) frente a cuerpo de bomberos, punto intermedio de la red de distribución.;342;5
0002;CAB02;CRA 9 Nº 4-68 COL. GERMÁN NIETO;342;5
0002;PUNTO FIJO # 0002 BARRIO LAS FLORES;Barrio Las Flores. Cl 8a Cr 52Sur ;342;5
0005;CAB05;CRA 3 CON 10B BARRIO LA ZAFRA;342;5
0008;VILL07;Carrera 19 con Calle 8, Casa N° 441, Urb. La Germania;342;5
0010;PUNTO FIJO # 0010 PARQUE NATURA;FRENTE AL PARQUE PRINCIPAL DE PARQUE NATURA;342;5
0010;VILL09;Calle 17 con Cra 9, Barrio EL Socorro, Frente a la Aldea;342;5
0364;PUNTO FIJO # 0364 CONDOMINIO LAS MERCEDES;Condominio Las Mercedes. Entrada ;342;5
1201;PUNTO FIJO #1201;IE LIBARDO MADRID V CRA 11 CLL 1B Y 2 ;342;5
1208;PUNTO FIJO # 1208;CORR PALMAR GUAYABAL SEDE EDUCATIVA SANTA MARÍA DE PALERMO;342;5
1221;PUNTO FIJO #  1221;CRA 3 CALLE 14 B. URBANIZACION EL OASIS;342;5
2207;PUNTO FIJO # 7 CR 10 CL 16 FUNDACION CULTUARTE;PUNTO FIJO # 7;342;5
2483;PUNTO FIJO # 2483;CASETA COMUNAL BARRIO CINCUENTENARIO. GRIFO INSTALADO EN UNA CAJA CON TAPA. PUNTO MATERIALIZADO.;342;5
2756;PUNTO FIJO # 2756;BARRIO SAN LUIS.  CR.6A # 12-03. FRENTE A VIVIENDA # 12-03 DIAG. HOSPITAL BENJAMÍN BARNEY GASCA.;342;5
3061;PUNTO FIJO # 3061;CL.10 CR.1 NORTE -  BARRIO MUNICIPAL. PUNTO FIJO 306-01.;342;5
3062;PUNTO FIJO # 3062;Punto Fijo 306-02;342;5
3067;PUNTO FIJO # 3067;MOSOCO. VEREDA MOSOCO. PUNTO FIJO 306-7.;342;5
3181;PUNTO FIJO # 3181;CL.5 # 2-100 FRENTE AL ESTADIO.  IV CENTENARIO. PUNTO FIJO # 318-01.;342;5
3604;PUNTO FIJO # 4 - CL 24 CR 3 PARQUE LOS MINGOS;PUNTO FIJO # 4;342;5
3643;PUNTO FIJO # 3643 URBANIZACION LA MORADA ;Urbanizacion La Morada Ofic. Adm Etapa I y II;342;5
4204;PUNTO FIJO # 4204;CALLE 21 # 24-08 BARRIO SAN PEDRO;342;5
4212;PUNTO FIJO #4212;FINCA VILLA VALENTINA/VEREDA MARTIN DOZA;342;5
4305;PUNTO FIJO # 4305;INSPECCION DE POLICIA CORR SAN PEDRO;342;5
4407;PUNTO FIJO # 4407;CRA 6 CLL 7A ENTRADA A MOLINA  B. EL LLANO;342;5
4502;PUNTO FIJO # 4502;CRA 2 CLL 7 Y 8  B/ JESÚS MARÍA BEDOYA HOSPITAL PEDRO SAENZ DIAZ;342;5
5104;PUNTO FIJO # 5104;CANCHA MULTIPLE B/ VILLA SAN JUAN;342;5
5106;PUNTO FIJO # 5106;PUESTO DE SALUD CORR GRAMALOTE;342;5
5107;PUNTO FIJO # 5107;CASETA COMUNAL CORREGIMIENTO ANACARO ;342;5
5202;PUNTO FIJO #5202;CASETA COMUNAL CRA 8 CLL 1 Y 2 B/ VILLA NUBIA;342;5
5403;PUNTO FIJO # 5403 ;HOSPITAL MUNICIPAL CALLE 4  CRA 4 Y 5 GALERIA ;342;5
5508;PUNTO FIJO # 5508;INSTITUCIÓN EDUCATIVA - CORREGIMIENTO DE LA CAYETANA  ;342;5
9506;PUNTO FIJO # 6 CGTO EL VERGEL - KM 4 VIA ZARZAL ROLDANILLO;PUNTO FIJO # 6 ANTIGUA INSPEC. POLICIA - CGTO EL VERGEL;342;5
9507;PUNTO FIJO # 7 SEDE EDUC. NUESTRA SEÑORA DE FATIMA - PARQUE PPAL.;PUNTO FIJO # 7 SEDE EDUC. NUESTRA SEÑORA DE FATIMA - PARQUE PPAL.;342;5
2201;PUNTO FIJO # 1 MANZANA A CASA 7 SALIDA VEREDA CARMELITAS;PUNTO FIJO # 1 MANZANA A CASA 7;342;5
2202;PUNTO FIJO # 2 SALIDA ARMENIA - HOSPITAL SANTANDER;PUNTO FIJO # 2;342;5
2206;PUNTO FIJO # 6 SALIDA SEVILLA - LA CAMELIA - COLEGIO SATELITE BOLIVARIANO;PUNTO FIJO # 6;342;5
2481;PUNTO FIJO # 2481;CL. 9 CR.21 # 9-19, BARRIO SANTA BARBARA. ESCUELA SANTA BÁRBARA. GRIFO INSTALADO EN UNA CAJA CON TAPA. PUNTO MATERIALIZADO.;342;5
2484;PUNTO FIJO # 2484;CR.1 CL.6 # 1-11 LA VARIANTE. PRIMER NUDO DE DISTRIBUCIÓN. GRIFO INSTALADO EN UNA CAJA CON TAPA. PUNTO MATERIALIZADO.;342;5
3183;PUNTO FIJO # 3183;CARRERA 12 CALLE 9. PUNTO FIJO 318-03. BARRIO EL LIMONAR. MATADERO MUNICIPAL;342;5
3185;PUNTO FIJO # 3185;CL 10A LA NUBIA. PUNTO FIJO # 318-05. ;342;5
3606;PUNTO FIJO # 6 CL 53 CR 54 ESQUINA - SALIDA VEREDA LA ESTRELLA;PUNTO FIJO # 6;342;5
3609;PUNTO FIJO # 9 CR 53 CL 64 - ESCUELA RICARDO NIETO;PUNTO FIJO # 9;342;5
3611;PUNTO FIJO # 11 CL 50 # 37-34 - SALDA URB ALPES;PUNTO FIJO # 11;342;5
3612;PUNTO FIJO # 12 CL 62 CR 46 - BRASIL - SALIDA URB PADRINO;PUNTO FIJO # 12;342;5
4202;PUNTO FIJO #4202;CLL 12 # 23-121 B/ LOS ALAMOS;342;5
4211;PUNTO FIJO #4211;I.E JOSEFINA PEÑA / VERDA MORELIA;342;5
4401;PUNTO FIJO #4401;CRA 1 CLL 1A B/ LAS BRISAS COMEDOR COMUNAL ;342;5
5207;PUNTO FIJO #5207;CLL 3 #6-17 URBANIZACION VILLA SOL;342;5
5305;PUNTO FIJO # 5305;CRA 7 CALLE 12 B/ SAN VICENTE ;342;5
5634;PUNTO FIJO # 5634. CALLE 7 TRANSVERSAL 7. LA POPA.;CALLE 7 TRANSVERSAL 7. LA POPA. COSTADO CLUB DE LEONES. GRIFO INSTALADO EN UN POYO. MATERIALIZADO.;342;5
6064;PUNTO FIJO # 4 CL 9 CON CR 14 - LUIS CARLOS GALAN - COLEGIO JORGE ELIECER GAITAN;PUNTO FIJO # 4  CASETA COMUNAL LA INDEPENDENCIA -;342;5
6701;PUNTO FIJO # 1 CL 4 ENTRE CR 3 Y 4 ESCUELA POLICARPA;PUNTO FIJO # 1;342;5
6901;PUNTO FIJO # 6901;AL LADO VIVIENDA REVISOR ACUAVALLE SOBRE CR.3. CR.3 CL.2 ESQ.. PUNTO MATERIALIZADO.;342;5
6905;PUNTO FIJO # 6905;AL LADO CERCO PERIMETRAL POLIDEPORTIVO. PUNTO MATERIALIZADO. URBANO - POLIDEPORTIVO BARRIO MUNICIPAL.;342;5
9501;PUNTO FIJO # 1 CR 1 CL 7 ESTACIÓN SERVICIOS LA VARIANTE;PUNTO FIJO # 1;342;5
3608;PUNTO FIJO # 8 CR 52 CL 58 ESQUINA COSTADO PLAZA DE MERCADO ;PUNTO FIJO # 8;342;5
3612;PUNTO FIJO # 12 - CL 6 # 4-15 - COLEGIO ELEIZAR LIBREROS;PUNTO FIJO # 12;342;5
5303;PUNTO FIJO # 5303 ;CRA 3 CLL 6 Y 7 IE ANTONIA SANTOS B/ CENTRO;342;5
5504;PUNTO FIJO # 5504;PARQUE RECREACIONAL /BARRIO LAS COLINAS;342;5
6061;PUNTO FIJO # 1 CR 9 # 18-45 - URBANIZACION EL MILAGROSO - EL ALTO;PUNTO FIJO # 1 - COLEGIO JORGE ELIECER GAITAN;342;5
6161;PUNTO FIJO # 1 CR 11 CL 6 Y 7 - INSTITUTO COMERCIAL;PUNTO FIJO # 1;342;5
9514;PUNTO FIJO # 14 CR 6 CL 4 Y 5 CASA DE LA CULTURA;PUNTO FIJO # 14 CR 6 CL 4 Y 5 CASA DE LA CULTURA;342;5
9517;PUNTO FIJO # 17 CL 10A CR 6 Y 7 URB. DIANA MARIA - IGLESIA CRISTIANA SHAMMAH;PUNTO FIJO # 17 CL 10A CR 6 Y 7 URB. DIANA MARIA;342;5
0001;CAB01;CRA 5 Nº 1- 196 Armando Vasquez;342;5
0001;PUNTO FIJO # 0001  LOS NARANJOS.;Conjunto Campestre Los Naranjos. Cr 7 con 3;342;5
0003;CAB03;ESCUELA ANTONIO NARIÑO. Bº CRUZ;342;5
0006;VILL03;Callejón San Diego Cra 4;342;5
0007;PUNTO FIJO # 0007 BARRIO GIRASOLES.;Barrio Girasoles. Cl 8 Cr 45Sur ;342;5
0009;VILL08;Carrera 16 con Calle 16, Barrio Municipal, al costado de la vía Cali-Candelaria;342;5
1104;PUNTO FOJO #4 CR 2 SALIDA ROLDANILLO - FRENTE COLEGIO MANUEL DOLORES MONDRAGON;CRA 2 CALLE 11 COLEGIO MANUEL DOLORES MONDRAGON;342;5
1204;PUNTO FIJO # 1204;ANTIGUO TALLER DE OBRAS PUBLICAS CRA 7 CLL 13 Y  14 B/ SAN NICOLAS;342;5
1209;PUNTO FIJO # 1209;AVENIDA SANTANDER #12-368 B/ VILLA ROSITA FRENTE A MATADERO MUNICIPAL ;342;5
1211;PUNTO FIJO # 1211;FRENTE HACIENDA BREMEN KM 5 VIA ZARZAL Corr. PALMAR GUAYABAL;342;5
1215;PUNTO FIJO # 1215;CRA 7N CALLE 7A  Y 7B - JARDÍN INFANTIL DOÑA EMMA;342;5
1217;PUNTO FIJO #1217;CRA 10 CLL 14 Y 14A  -I.E CARLOS VILLAFAÑE - B. LA ASUNCIÓN;342;5
1305;PUNTO FIJO # 1305;CENTRO DE BIENESTAR DEL ANCIANO CLL 15A CRA 10 Y 11;342;5
2203;PUNTO FIJO # 3 CL 11 MANZ C - LA CIUDADELA - CANCHA;PUNTO FIJO # 3;342;5
2485;PUNTO FIJO # 2485;CL.11 CR.14.  BARRIO SAN RAFAEL. HOSPITAL SAN RAFAEL - URGENCIAS. GRIFO INSTALADO EN UNA CAJA CON TAPA. PUNTO MATERIALIZADO. ;342;5
2758;PUNTO FIJO # 2758;FRENTE CLUB DE LEONES. GRIFO INSTALADO EN UN POYO. MATERIALIZADO. CL.9 # 7-52. BARRIO LOS ALMENDROS.;342;5
3602;PUNTO FIJO # 2 - CR 4 CL 12 PARQUE MUNICIPAL;PUNTO FIJO # 2;342;5
3602;PUNTO FIJO # 2 CR 49 # 50-41 - OFICINA ACUAVALLE;PUNTO FIJO # 2;342;5
3604;PUNTO FIJO # 4 CL 55 CR 56ESQ. - COSTADO ESCUELA TRES DE MAYO;PUNTO FIJO # 4;342;5
3774;PUNTO FIJO # 3774;CORREGIMIENTO ARBOLEDAS - CORDOBITAS. CURVA VÍA A PAVAS. AL LADO MISCELÁNEA Y ESTACIÓN DE SERVICIO SECTOR LA PLANETA. ;342;5
4104;PUNTO FIJO # 4104;CLL 6 CON CRA 9 ESQUINA  B/ CENTRO ESTACION DE POLICIA;342;5
4201;PUNTO FIJO # 4201;MZ E CASA 38 B/ LAS PALMAS ;342;5
4205;PUNTO FIJO #4205;CRA 16 CLL 22 Y 23 ESCUELA EDELMIRA RAMIREZ AL LADO DE LA IGLESIA B/ SAN PEDRO;342;5
4206;PUNTO FIJO # 4206;BARRIO  LAS BRISAS CRA 12 ENTRE CALLES 20 Y 21;342;5
4208;PUNTO FIJO # 4208;EL AMPARO (COMCAJA) IGLESIA BARRIO EL AMPARO;342;5
4302;PUNTO FIJO # 4302;B/ SANTA TERESA CRA 7 CLL 15 SALIDA A OBANDO;342;5
4410;PUNTO FIJO # 4410;VIA RIO CAUCA CASERIO  JUAN DIAZ;342;5
5631;PUNTO FIJO # 5631. LOS ALICANTES.;LOS ALICANTES ENTRADA AL BARRIO LA ESMERALDA. GRIFO INSTALADO EN UN POYO. MATERIALIZADO.;342;5
5639;PUNTO FIJO # 5639;JUNTO CERCO PERIMETRAL I.E. POLICARPA SALAVARRIETA. GRIFO INSTALADO EN UN POYO. MATERIALIZADO. CRGT LA TUPIA VIA PRADERA-CANDELARIA.;342;5
8282;PUNTO FIJO # 2 CR 17 CON CR 18 - ANCIANATO LA INMACULADA;PUNTO FIJO # 2;342;5
4307;PUNTO FIJO #4307;CLL 9 CRA 2 Y 3 VIA Corr. HOLGUIN B. LOS ALMENDROS ;342;5
4308;PUNTO FIJO # 4308;IE SAN JOSÉ ;342;5
4501;PUNTO FIJO # 4501;IE. ANTONIO JOSÉ DE SUCRE ESCUELA SANTA CECILIA CRA 3 ENTRE CLL 7 Y 8 B/ OBELISCO;342;5
5306;PUNTO FIJO # 5306;SECTOR MATADERO CASA Nº4 B/ LA PAZ;342;5
5405;PUNTO FIJO # 5405;CRA 1, FRENTE A LA ENTRADA AL CEMENTERIO. B/ EL RECREO;342;5
5506;PUNTO FIJO #5506;I.E SAN JUAN BOSCO Corr. EL BOHIO ;342;5
5640;PUNTO FIJO # 5640  I.E. DOLORES BUENO TEJADA.;JUNTO I.E. DOLORES BUENO TEJADA. FRENTE PUESTO DE SALUD. CORREGIMIENTO LA GRANJA VIA FLORIDA PRADERA ;342;5
6066;PUNTO FIJO # 6 POSTE 108961 - VEREDA SAN PABLO;POSTE 108961 - VEREDA SAN PABLO;342;5
6703;PUNTO FIJO # 3 CR 7 CON CL 11 SUR - CASETA COMUNAL;PUNTO FIJO # 3;342;5
6904;PUNTO FIJO # 6904;PARQUE CENTRAL VIJES. AL LADO PUERTA PRINCIPAL ENTRADA AL CONCEJO MUNICIPAL VIJES. ;342;5
6906;PUNTO FIJO # 6906;PARQUE - BARRIO BALCONES. AL LADO VIVIENDA CR.2 # 7A-62.;342;5
8903;PUNTO FIJO # 890-3 - CRA 5 CON CALLE 6 - CENTRO - CENTRO TRANSFORMACION DIGITAL;PUNTO FIJO # 890-3;342;5
9502;PUNTO FIJO # 2 CR 6 CL 7 - ESCUELA CAMILO TORRES -;PUNTO FIJO # 2;342;5
3645;PUNTO FIJO # 3645 INSTITUCIÓN EDUCATIVA LITECOM;Institución Educativa LITECOM, Frente al Parque Principal. Cra 11 con Cl 11;342;5
4101;PUNTO FIJO # 4101;CLL 5 VIA A LA PLANTA DE TRATAMIENTO EL PROGRESO - ACUAVALLE;342;5
4301;PUNTO FIJO # 4301;PLANTA DE TRATAMIENTO B/ SANTA TERESA ;342;5
4304;PUNTO FIJO # 4304;CLL 7 CRA 10 Y 11 B/ LA CRUZ;342;5
4306;PUNTO FIJO # 4306;ESCUELA MANUEL GIL CALLE 6 CRA 4 Y 5 B.LA GALERIA;342;5
4403;PUNTO FIJO #4403;CANCHA IGLESIA CLL 2# 1A-79   B/ SANTA BARBARA  ;342;5
4405;PUNTO FIJO # 4405;CRA 4 CLL 1B VIA AL MATADERO B/ LA ESPERANZA;342;5
4406;PUNTO FIJO # 4406;CLL 3 CR 5 Y 6 ESCUELA GENERAL SANTANDER ;342;5
4504;PUNTO FIJO #4504;CRA 6 CLL 4 IND INTEGRADAS  B.BOLIVAR;342;5
5103;PUNTO FIJO # 5103;CLL 8 ENTRE CRA 2 Y 3 I.E SANTA ANA DE LOS CABALLEROS -  BARRIO PLAZA VIEJA;342;5
5401;PUNTO FIJO # 5401;COLEGIO GILBERTO ALZATE AVENDAÑO CLL 13 CON CRA 7 ESQUINA B/ EL CRUCERO;342;5
5502;PUNTO FIJO # 5502;INSTITUTO AGRICOLA CLL 18 ENTRE CRA 2 Y 3 B/ LA TRONCADA;342;5
5503;PUNTO FIJO # 5503;ESCUELA FELIPE RIVERA SECTOR SAN LAZARO;342;5
5635;PUNTO FIJO # 5635 BARRIO VILLA MARINA.;BARRIO VILLA MARINA MANZANA 27 CASA 20. GRIFO INSTALADO EN UN POYO. MATERIALIZADO. ;342;5
5636;PUNTO FIJO # 5636. HOSPITAL SAN ROQUE; CR. 10 CL.10 BARRIO SAN ROQUE. COSTADO HOSPITAL SAN ROQUE. GRIFO INSTALADO EN UN POYO. MATERIALIZADO. ;342;5
8283;PUNTO FIJO # 3 CL 13 CON CR 18 - ESC JOSE RIOS;PUNTO FIJO # 3;342;5
8904;PUNTO FIJO # 890-4 - CARRERA 8 CON CLL 10 - ANTONIO NARIÑO - LOTES CAROLINA;PUNTO FIJO # 890-4;342;5
9508;PUNTO FIJO # 8 VIA ZARZAL - VICTORIA - BARRIO VILLA YOLI - ESTACIÓN DE POLICÍA -;PUNTO FIJO # 8;342;5
9518;PUNTO FIJO # 18 CL 14 CR 4 Y 5  - ANTIGUA VARIANTE ZARZAL VICTORIA;PUNTO FIJO # 18 CL 14 CR 4 Y 5 URB. PUERTAS DEL SOL 1;342;5
3614;PUNTO FIJO # 14 - PREDIO VILLA LEONOR - BARRIO LA PAZ;PUNTO FIJO # 14;342;5
3622;PUNTO FIJO # 22 - INSTITUTO AGRÍCOLA - CGTO. CAMPOALEGRE;PUNTO FIJO # 22;342;5
3641;PUNTO FIJO 3641 BARRIO ALFAGUARA;Barrio Alfaguara, Frente Macromedidor. CR 19SUR CL 5SUR;342;5
3644;PUNTO FIJO # 3644 BARRIO SACHAMATE. PARQUE SACHAMATE;Barrio Sachamate. Parque Sachamate. Cl 11A Cr 18;342;5
3647;PUNTO FIJO # 3647 BARRIO PORTAL DEL JORDAN. CL 5 CR 2SUR ;Barrio Portal del Jordan. Cl 5 Cr 2sur ;342;5
3648;PUNTO FIJO # 3648 BARRIO PORTAL DE JAMUNDI. CL 10C AV 6;Barrio Portal de Jamundi. Cl 10C Av 6;342;5
3649;PUNTO FIJO # 3649 BARRIO VILLA PAULINA. CL 8A # 2SUR - 07 ESQUINA ;Barrio Villa Paulina. Cl 8A # 2Sur - 07 Esquina ;342;5
3772;PUNTO FIJO #3772;OFICINA DE ACUAVALLE CL.1 # 4-80. GRIFO INSTALADO EN UNA CAJA CON TAPA.;342;5
4102;PUNTO FIJO # 4102;HOSPITAL SAN VICENTE Urb/ VILLA FERNANDA;342;5
4103;PUNTO FIJO # 4103;CLL 8 ENTRE CRA 5 Y 5A PARQUE -  BARRIO EL PORVENIR;342;5
4207;PUNTO FIJO # 4207;ESCUELA BELISARIO PEÑA CORR DE SAN LUIS;342;5
4210;PUNTO FIJO #4210;HIGUERONCITO / I.E ELIODORO PEÑA;342;5
4408;PUNTO FIJO # 4408;I.E SAN JOSE CRA 2 CLL 6 Y 7 B. EL CENTRO;342;5
5105;PUNTO FIJO # 5105;IE MARIANO OROZCO B. BOLIVAR;342;5
5507;PUNTO FIJO # 5507;I.E TERESA BORJA B. EL CHANCO;342;5
6162;PUNTO FIJO # 2 - CL 5 CR 6 - COLEGIO PRIMITIVO CRESPO;PUNTO FIJO # 2;342;5
6707;PUNTO FIJO # 7 SALIDA SUR PRESIDENTE;PUNTO FIJO # 7 SALIDA SUR PRESIDENTE;342;5
8281;PUNTO FIJO # 1 CR 21 CON CL 26 - CENTRO VIDA ANCIANATO;PUNTO FIJO # 1;342;5
9503;PUNTO FIJO # 3 CR 10 CL 3 B-LOS LAGOS - CANCHA MÚLTIPLE - ;PUNTO FIJO # 3;342;5
0051;PUNTO FIJO # 001 COLEGIO;CORREGIMIENTO EL CARMEN. COLEGIO SANTA TERESITA DEL NIÑO JESÚS.;342;5
1220;PUNTO FIJO # 1220;CRA 12 CALLE 15  BARRIO CAMPO SOLAR-CANCHAMIA;342;5
1303;PUNTO FIJO # 1303;ESCUELA JOSE MARIA CORDOBA CLL 8 CRA 6Y7 B. NICOLAS BARRERO;342;5
1303;PUNTO FIJO # 3 CL 1 CON CR 1 - ESC JOSE MARIA CABAL;PUNTO FIJO # 3 BARRIO WALCOCHE - ESCUELA JOSE MARÍA CABAL;342;5
1309;PUNTO FIJO # 9 CR 8 CL 7 - PARQUE MUNICIPAL;PUNTO FIJO # 9  CL 1C CR 6 Y 7 - PARQUE MUNICIPAL;342;5
2205;PUNTO FIJO # 5 SALIDA SEVILLA - TRANSITO MUNICIPAL;PUNTO FIJO # 5;342;5
2332;PUNTO # 1. CRA 12;CARRERA 12 # 6-04. BARRIO LA PAZ. PUNTO # 1;342;5
3623;PUNTO FIJO # 23 CR 3 # 12-80 - ESC JUAN DE DIOS RODRIGUEZ;PUNTO FIJO # 23;342;5
3646;PUNTO FIJO # 3646 AVENIDA CIRCUNVALAR, HOSPITAL PILOTO ;Avenida Circunvalar, Hospital Piloto ;342;5
4209;PUNTO FIJO  # 4209;ESCUELA JOSE ANCIZAR HENAO VEREDA LA CAMPESINA;342;5
4309;PUNTO FIJO #4309;ANTIGUO TANQUE ELEVADO CORR HOLGUIN;342;5
4409;PUNTO FIJO # 4409;ENTRADA CASERIO CORR.PUERTO MOLINA;342;5
5206;PUNTO FIJO #5206;ESTACIÓN DE SERVICIOS CALLE 4 CON CARRERA 1 / BARRIO EL TRIANGULO;342;5
6062;PUNTO FIJO # 2 CR 13 CL 16 - EL ALTO - ESCUELA GRAN COLOMBIA;PUNTO FIJO # 2  - ESCUELA GRAN COLOMBIA;342;5
6063;PUNTO FIJO # 3 VREDA SAN PABLO - ESCUELA MARCO FIDEL SUAREZ;PUNTO FIJO # 3;342;5
6704;PUNTO FIJO # 4 VDA GUAYABAL - ESCUELA JOSE ANTONIO AGUILERA;PUNTO FIJO # 4;342;5
6705;PUNTO FIJO # 5 ESCUELA CRISTO REY - VEREDA MONTEGRANDE;PUNTO FIJO # 5;342;5
8901;PUNTO FIJO # 890-1 - CALLE 1 CON CRA 5 - SANTA BARBARA - DIAG ESTADIO;PUNTO FIJO # 890-1;342;5
8902;PUNTO FIJO # 890-2 - CALLE 2 CON CRA 1B - LA INMACULADA - DIAG URB VILLA CLAUDIA;PUNTO FIJO # 890-2;342;5
9510;PUNTO FIJO # 10 VIA LIMONES - PAMA - SUBESTACION ENERGIA;PUNTO FIJO # 10;342;5
0002;PUNTO # 2 GRIFO LAVADERO - ESCUELA LOS ALPES - LOS ALPES -;PUNTO # 2 GRIFO LAVADERO;377;2
0002;SEDE ESCOLAR LOS ALPES;SEDE ESCOLAR LOS ALPES;377;2
0001;PUNTO FIJO # 0001;ACUEDUCTO, INGENIO PICHICHI. TANQUE ALMACENAMIENTO;379;2
0003;PUNTO FIJO # 0003;CLL 22 # 25-61 CASA CARMENZA MARIN B. EL CARMEN;380;2
0003;PUNTO FIJO # 0003;CALLE 22 # 20-21 FRENTE A VIV DE DIEGO LEÓN SÁNCHEZ - EL CARMEN BAJO;380;2
0002;PUNTO FIJO # 0002;ESCUELA ANTONIO NARIÑO CLL 21 CRA 16 SAN PEDRO;380;2
0002;PUNTO FIJO #0002;CALLE 21 #26-07 - / FRENTE A LA VIVIENDA DEL SR LUIS ANGEL GARCIA/SILOE ALTO;380;2
0010;ESCUELA HÉCTOR SAAVEDRA;PUNTO DE MUESTREO DE INTERÉS, RIESGO SANITARIO, PUNTO UBICADO EN LA PARTE EXTERNA DE LA ESCUELA HÉCTOR SAAVEDRA;382;2
0006;PTAP NUEVO HORIZONTE;PUNTO DE MUESTREO UBICADO A LA SALIDA DEL ALMACENAMIENTO AGUA TRATADA;382;2
0001;PUNTO FIJO # 1 - LA TULIA - VIA PLANTA DE POTABILIZACION;PUNTO FIJO # 1;383;2
0002;PUNTO FIJO # 2 - LA TULIA - PUESTO DE SALUD;PUNTO FIJO # 2;383;2
0001;PUNTO # 1 ESCUELA ATANASIO GIRARDOT ;PUNTO # 1;384;2
0016;VIVIENDA;;385;2
1902;PUNTO FIJO # 1902;CRUCERO VÍA LA ROSITA - VEREDA JORDÁN. AL LADO DE TÉE REPETIDORA DE AGUA HACIA LA ROSITA.;386;2
3302;PUNTO FIJO # 3302;VIVIENDA OCTAVIO FERNÁNDEZ SECTOR 2. AL LADO POSTE ALUMBRADO.;387;2
3301;PUNTO FIJO # 3301;VEREDA PUEBLO NUEVO. I.E. VILLA DEL MAR SECTOR 4. AL LADO CERCO EN MALLA ESLABONADA I.E. PUEBLO NUEVO.;387;2
0007;PUNTO FIJO # 0007;VIVIENDA JOSE HENRY PEREIRA - CANDELARIA;388;2
0117;PUNTO # 1;VEREDA EL TIGRE. FINCA LOS MUÑOZ. PUNTO # 1;389;2
0012;PUNTO # 2;VEREDA PUERTA DAGUA. VÍA FERREA SECTOR ATUNCELA. PUNTO # 2;390;2
0013;PUNTO # 3;VEREDA PUERTA DAGUA. CASA SRA. ALICIA MARTÍNEZ. PUNTO # 3;390;2
0001;PUNTO PLAZA EL PROGRESO;concertado de acuerdo a especificaciones tecnicas;391;2
0002;ESCUELA SEDE SIMON BOLIVAR;ESCUELA SEDE SIMON BOLIVAR;392;2
2422;PUNTO FIJO # 2422;VEREDA LAS CAMELIAS KM 95 PARTE BAJA. CASA JOHN BEDOYA. AL LADO POSTE ALUMBRADO SOBRE CRUCERO VÍA FÉRREA.;393;2
2421;PUNTO FIJO # 2421;CORREGIMIENTO DE SAN VICENTE - PARTE ALTA. VÍA TANQUE SAN VICENTE. AL LADO POSTE ALUMBRADO. ;393;2
0004;PUNTO  # 4 FINCA LA PRIMAVERA LOTE 1 - VEREDA LA GAVIOTA BAJO -;PUNTO  # 4;395;2
0005;FILTRO EKOFIL GILBERTO JOJOA FINCA EL DELIRIO;FILTRO EKOFIL GILBERTO JOJOA FINCA EL DELIRIO;395;2
0041;PUNTO FIJO # 0041;PARQUE EL SAMÁN FRENTE A ESTACIÓN DE POLICÍA;396;2
0007;PUNTO FIJO  # 0007;HACIENDA EL CASTILLO - CONDOMINIO LOS CEDROS ;397;5
0003;PUNTO FIJO # 0002;PUNTO FIJO # 0002 CONDOMINIO LA PRADERA ;397;5
0001;PUNTO FIJO # 0001;PUNTO FIJO # 0001 PTAP ;397;5
0004;PUNTO FIJO # 0004;PUNTO FIJO # 0004 CONDOMINIO LA HERRERIA 4 Y 5;397;5
0006;PUNTO FIJO # 006;PUNTO FIJO # 006 PAISAJES DEL CASTILLO ;397;5
0008;ENTRE PORTERIAS DE TULIPANES Y VOLETAS ;PUNTO FIJO # 0008 ;397;5
0002;PUNTO FIJO #0002;LA CRISTALINA-AL LADO VIVIENDA CARMEN VASQUEZ;398;2
0004;PUNTO FIJO # 0004;SOLUCION ALTERNATIVA DEL TRATAMIENTO DE AGUA A NIVEL DOMICILIARIO;398;2
0001;PUNTO FIJO # 0001;VIVIENDA JAIRO MARTINEZ - QUEBRADA GRANDE;399;2
0002;PUNTO FIJO # 0002;ESCUELA ANTONIO JOSE DE SUCRE VDA VIOLETAS ;399;2
0003;FILTRO EKOFIL CASA BLANCA ENELIA HOYOS;FILTRO EKOFIL CASA BLANCA ENELIA HOYOS;400;2
0002;PUNTO FIJO # 2 FRENTE CANCHA FLORIDA BAJA;PUNTO FIJO # 2;400;2
0003;FILTRO EKOFIL ESCUELA NUESTRA SEÑORA DEL CARMEN;FILTRO EKOFIL ESCUELA NUESTRA SEÑORA DEL CARMEN;400;2
0001;PUNTO FIJO # 1 FINCA GERARDO IBARRA - FLORIDA ALTA ;PUNTO FIJO # 1;400;2
0002;PUNTO FIJO # 0002;VIVIENDA OSCAR ESTRADA VDA LA LIBERTAD;401;2
0001;PUNTO FIJO # 1 PARQUE PPAL. CASA NOLBERTO CORREA;PUNTO FIJO # 1;402;2
2111;PUNTO FIJO # 2111;ANTIGUA ENTRADA A VIVIENDA SRA. MARTHA MUÑOZ. CALLEJÓN SIEMPREVIVA. SANTA MARÍA PARTE BAJA.;403;2
0003;PUNTO FIJO # 0003;IGLESIA NUESTRA SEÑORA DEL CARMEN;404;2
0002;PUNTO FIJO # 0002;IE CAMILO TORRES V/DA LA BALSORA;405;2
0002;PUNTO FIJO # 2 ESCUELA CRISTOBAL COLON;PUNTO FIJO # 2;406;2
0002;PUNTO FIJO # 2 FRENTE A LA CRUZ - MIRADOR ALTO -;punto fijo # 2;407;2
0002;PUNTO FIJO #0002;SECTOR LA QUIEBRA;408;2
0001;PUNTO FIJO # 1 VIA FINCA LA LINDA;PUNTO FIJO # 1;409;2
0003;PUNTO FIJO # 3 OFICINA ACUASALUD;PUNTO FIJO # 3;409;2
0004;PUNTO FIJO # 4 SECTOR BUENOS AIRES;PUNTO FIJO # 4;409;2
0001;FRENTE A LA CASA #11;Punto concertad con grifo sin especificaciones técnicas, en red de distribución;410;2
0002;PUNTO FIJO # 2 VIVIENDA JOSE CULMA CASA PRESIDENTE;PUNTO FIJO # 2;411;2
0002;OFICINAS ACUEDUCTO LA MORALIA;;412;2
0001;VÍA PRINCIPAL VIVIENDA VILLA LUIRAMA;;412;2
2313;PUNTO #4. KM 42 VIA AL MAR.;VEREDA LAS DELICIAS PARTE BAJA.  KM 42 VÍA AL MAR. PUNTO # 4.;413;2
2302;PUNTO FIJO # 2302 ESCUELA;VEREDA LAS DELICIAS PARTE ALTA. ESCUELA LAS DELICIAS.  AL LADO PUERTA CORRAL LIMITE ESCUELA.;413;2
2312;PUNTO FIJO # 2312;AL LADO HOTEL LA PRIMAVERA VIVIENDA LOS RAMOS. SECTOR LA PRIMAVERA. LAS DELICIAS PARTE BAJA.;413;2
0001;PUNTO FIJO # 1 JUNTO A LA INSPECCIÓN DE POLICÍA - VEREDA MIRAVALLE -;PUNTO FIJO # 1 JUNTO A LA INSPECCIÓN DE POLICÍA - VEREDA MIRAVALLE -;415;2
0002;PUNTO FIJO # 002;OFICINA ASCABI. ANTIGUA OFICINA HOGAR BIENESTAR.;416;2
0001;SIN DATO;MUNICIPIO DAGUA. VIVIENDA SR. HÉCTOR EMILIO ARROYABE. GRIFO INSTALADO EN EL LAVADERO.;417;2
0003;FRENTE A LA FINCA DEL SEÑOR MARIO FERNANDO PRADO;;418;2
0002;FRENTE A LA FINCA LOS YARUMOS;;418;2
0001;PUNTO FIJO # 0001;LOMA LINDA. VEREDA JORDANCITO.;419;2
0002;PUNTO # 2 CASETA COMUNAL - VEREDA SAN JUAN -;PUNTO # 2;420;2
0001;PUNTO FIJO # 1 PUESTO DE SALUD;PUNTO FIJO # 1;421;2
0038;VIVIENDA;;422;2
0001;PUNTO FIJO # 1 CONSUELO PUERTAS;PUNTO FIJO # 1;423;2
8631;PUNTO FIJO # 863-1;SALIDA PTAP. CLL 1 CRA 5 BALALAIKA;424;2
8637;PUNTO FIJO # 863-7;CRA 4 CON  CLL 6 B. LA PISTA ;424;2
8632;PUNTO FIJO # 863-2;PLAN DE VIVIENDA  CRA 6 # 4-45 B/ BALCON REAL;424;2
8636;PUNTO FIJO # 863-6;FRENTE A ANCIANATO SANTA INES CLL 17 CRA 5 B. EL OASIS;424;2
2453;PUNTO FIJO # 2453;EL PALMARCITO, VEREDA LA VIRGEN. VILLA TATIANA. VÍA PALMAR - CENTELLA.;425;2
0003;CONTIGUO AL BAÑO DE PORTERÍA;CONCERTADO DE ACUERDO CON ESPECIFICACIONES TECNICAS;426;2
0003;PUNTO FIJO # 3 FINCA JAVIER VELASQUEZ;PUNTO FIJO # 3 FINCA JAVIER VELASQUEZ;427;2
0001;FRENTE TIENDA AQUI ES JAVIER;;428;2
0004;PUNTO FIJO # 4 LADRILLERA URIEL VALENCIA SALIDA BOLIVAR;PUNTO FIJO # 4;429;2
0003;PUNTO FIJO # 3 CL 8 CON CR 3 CALLE LA PISTA;PUNTO FIJO # 3;429;2
0003;PUNTO FIJO # 0003;CASA LEONARDO TORRES VDA LA AGUADA BAJA;430;2
0001;PUNTO FIJO #0001;I.E LUIS ALFONSO VINASCO/ AGUADA BAJA;430;2
9011;PUNTO FIJO # 9011;"FRENTE A FINCA ""LAS ACACIAS"". CALLEJÓN LA PULIDA - EL PALMAR LA VÍBORA.";431;2
9002;PUNTO FIJO # 9002;AL LADO DE PORTADA DE OFICINA DE ACUEDUCTO EN FRENTE PUESTO DE SALUD. PUESTO DE SALUD - EL PALMAR LA VIRGEN.;431;2
0001;PUNTO # 1 ESC. POLICARPA SALABARRIETA;PUNTO # 1 GRIFO LAVAPLATOS;433;2
0002;PUNTO # 2 ESCUELA ANDRES BELLO;PUNTO # 2 ESCUELA ANDRES BELLO;434;2
0004;PUNTO FIJO # 4 PUESTO SALUD;PUNTO FIJO # 4;435;2
1901;PUNTO FIJO # 1901;SECTOR VIA LOMA ALTA. AL LADO DE MALLA ESLABONADA COLEGIO. VEREDA TOCOTA.;436;2
0001;PUNTO UBICADO EN LA RAPITIENDA DAPA;CORRESPONDE A PUNTO DE MUESTREO DE L RIO ARROYOHONDITO;437;2
0001;UBICANDO EN LA PARTE EXTERNA DE LA CASA DE ABEL SOLANO;PUNTO DE MUESTREO PROVENIENTE DE LA QUEBRADA LAS BRISAS;437;2
0003;PUNTO FIJO # 0003;FINCA DE HERMANOS CORREA VALENCIA - VEREDA SALEM;438;2
0001;PUNTO FIJO # 0001;VEREDA SANTA FE. PUNTO N° 1. VIVIENDA SRA. SELENE ARCILA.;439;2
0001;DISPOSITIVO DE TRATAMIENTO INTRADOMICILIARIO. VIVIENDA SELENE;VEREDA SANTA FE. SOLUCIÓN DE TRATAMIENTO DE AGUA INDIVIDUAL AL INTERIOR DE LA VIVIENDA SRA. SELENE ARCILA. TIPO FILTRO EKOFIL.;439;2
0001;PUNTO FIJO # 0001;FRENTE A BALNEARIO SUCRE/TIENDA;440;2
0002;PUNTO FIJO # 0002;FONDA SUCRE - Vda SUCRE;440;2
0003;PUNTO FIJO # 0003;FINCA BELLA VISTA VDA LA SOLEDAD;441;2
0002;PUNTO # 2 ENTRADA HOTEL LA HUERTA - CGTO JIGUALES - VDA CALIMITA;ENTRADA HOTEL LA HUERTA - CGTO JIGUALES - VDA CALIMITA;442;2
0173;PUNTO FIJO # 0173 OFICINA DEL ACUEDUCTO.;CORREGIMIENTO LOBOGUERRERO. OFICINA ACUEDUCTO. AL LADO PUERTA DE LA OFICINA DEL ACUEDUCTO.;443;2
0003;DISPOSITIVO DE TRATAMIENTO INTRADOMICILIARIO. I.E. CAMILO TORRES;SOLUCIÓN DE TRATAMIENTO DE AGUA INDIVIDUAL AL INTERIOR DE I.E. CAMILO TORRES TIPO FILTRO EKOFIL. ;443;2
0001;PUNTO # 1 CASA EDGAR ALVAREZ;PUNTO # 1 GRIFO LAVADERO;444;2
0001;PUNTO # 1 - FINCA LUIS CANELO - SECTOR CASA FONTANERO - EL REMOLINO;;445;2
0001;PUNTO FIJO # 1 SECTOR GRANJA LOS ALAMOS;PUNTO FIJO # 1;446;2
0002;PUNTO # 2 SECTOR ENTRADA CALLEJON CASCAJAL - INTERMEDIO;PUNTO # 2 SECTOR ENTRADA CALLEJON CASCAJAL - INTERMEDIO;447;2
0001;PUNTO DE MUESTREO UBICADO EN EL VIVERO DE LUIS PAZ; Punto ubicado dentro de la Red de Distribución ;448;2
0001;PUNTO EXTERNO 1;ENTRADA DE REPARTO A LA PAPUNGA;449;2
0001;PUNTO FIJO # 1 LA QUEBRADA CALABAZAS;PUNTO FIJO # 1;450;2
0002;PUNTO FIJO # 2 FINCA CAYETANA;PUNTO FIJO # 2;451;2
0113;PUNTO FIJO # 0113;CORREGIMIENTO TENERIFE. PLAN DE VIVIENDA COOPERATIVA. AL LADO DE ACCESO AL TANQUE DE ALMACENAMIENTO DEL PLAN DE VIVIENDA. ;452;2
8003;PUNTO FIJO # 8003;CASETA COMUNAL - ARBOLEDAS. AL FRENTE CASETA COMUNAL SOBRE VÍA PAVAS.;453;2
0001;PUNTO UBICADO EN EL CRUCERO A LA CASA DE WILLIAM OSPINA PERÉZ;El punto se encuentra al lado del Poste;454;2
0091;PUNTO FIJO # 0091;SALIDA DE LA PTAP. VEREDA LA CUCHILLA - ALTO LAURELES.;455;2
0093;PUNTO FIJO # 0093;FRENTE A LA IGLESIA – SANTIAGO APOSTOL JIGUALES. SECTOR IGLESIA.;455;2
0001;PUNTO FIJO #0001;FINCA MANZANARES ANIBAL SUAREZ VDA LA CEDALIA;456;2
0002;PUNTO FIJO # 0002;KM 27 - SECTOR CHIPRE: ANTIGUA VIA AL MAR. FRENTE A VIVIENDA MARIA XIMENA MUÑOZ;457;2
0125;PUNTO # 3. EULALIA;CORREGIMIENTO SAN JOSÉ DEL SALADO BAJO. VIVIENDA EULALIA RAMOS. PUNTO # 3. ;458;2
0028;VIVIENDA;;459;2
0001;PUNTO FIJO # 1 SECTOR OFICINA ACUANUEVA - CASA ALEIDA SEPULVEDA;PUNTO FIJO # 1;460;2
0002;PUNTO FIJO # 2 SECTOR ESCUELA LUIS GABRIEL UMAÑA - CASA LUIS HERNANDO SOTO;PUNTO FIJO # 2;460;2
0003;PUNTO FIJO # 0003;FRENTE A VIVIENDA JULIO ROMERO;461;2
0001;PUNTO FIJO # 0001;VIVIENDA DE ALDEMAR JARAMILLO- TRAPICHE ;461;2
0055;PUNTO # 0055;RANCHO MADRIGAL. VEREDA ALTO DE LAS TÓRTOLAS. PUNTO # 1.;462;2
0002;PUNTO FIJO # 2 VÍA ENTRADA AL PORVENIR;PUNTO FIJO # 2 VÍA ENTRADA AL PORVENIR;463;2
0003;PUNTO FIJO # 3 - CASA SIMÓN GÓMEZ;PUNTO FIJO # 3;464;2
0001;PUNTO FIJO # 0001;FINCA ALBANIA - SR. GERMAN RAMOS PUENTE - SAN JOSE DEL SALADO PARTE ALTA;465;2
0002;PUNTO  # 2 SECTOR LA LUISA - VIVIENDA NANCY OSPINA FRENTE FINCA FONTANERO;PUNTO  # 2 SECTOR LA LUISA - VIVIENDA NANCY OSPINA FRENTE FINCA FONTANERO;466;2
0001;PUNTO FIJO # 1 TIENDA LA LINDA - SECTOR CASA DE SILVIO GUTIERREZ -;PUNTO FIJO # 1;467;2
0005;PUNTO # 5.;CORREGIMIENTO SANTA ROSA DE TAPIAS. LA VUELTA AL DIABLO. PUNTO # 5.;468;2
0004;PUNTO FIJO 0004;ENTRADA BARRIO ALTO BONITO CRR VILLA NUEVA;469;2
0126;PUNTO # 3;VEREDA LAS CAMELIAS.  CASA SRA. ESPERANZA USME. PUNTO # 3;470;2
0001;AL FRENTE CASA DEL SEÑOR ARCESIO CADAVID EN LA VÍA QUE CONDUCE AL COLEGIO GAIA;punto concertado sin especificaciones técnicas;471;4
4022;PUNTO FIJO # 4022;ESQUINA ENTRADA AL CALLEJÓN. SECTOR LA CAPILLA.;472;2
2402;PUNTO FIJO # 2402;AL LADO DE BASE DE ASTA DE BANDERA INSPECCIÓN DE POLICÍA;473;2
0004;PUNTO FIJO # 4 CASA JOEL MUÑOZ;PUNTO FIJO # 4;474;2
0002;PUNTO FIJO # 2 SECTOR CUEVA LOCA;PUNTO FIJO # 2;475;2
1922;PUNTO FIJO # 1922;VEREDA SAN MIGUEL. VIVIENDA TANIA JUAQUI. AL LADO DE ÁRBOL DE GUAYABO VÍA BAHONDO.;476;2
0001;PUNTO FIJO # 0001;CORREGIMIENTO BITACO: FRENTE A VIVIENDA REPRESENTANTE LEGAL. SR. JAIRO RUIZ CHITO;477;2
0002;PUNTO # 2 ESCUELA EL SOCORRO - VEREDA GUAYABAL;PUNTO # 2 GRIFO LAVAPLATOS;478;2
0001;PUNTO FIJO # 1 SEDE ESCOLAR  SANTA RITA;PUNTO FIJO # 1;479;2
0002;PUNTO FIJO #0002;SECTOR EL HUNDIMIENTO VDA LLANOGRANDE;480;2
0001;PUNTO # 1 SALIDA ESTRUCTURA PARA ALMACENAMIENTO;PUNTO # 1 SALIDA ESTRUCTURA PARA ALMACENAMIENTO;481;2
0005;FILTRO EKOFIL SECTOR CENTRO DE SALUD VIVIENDA FAMILIA BUITRAGO;FILTRO DOMICILIARIO FAMILIA BUITRAGO;481;2
0002;PUNTO # 2 SEÑORA AURA MARULANDA;PUNTO # 2 SEÑORA AURA MARULANDA;481;2
0002;PUNTO # 2 EUGENIO HOYOS - CHICORAL BAJO-FILTRO EKOFIL;PUNTO # 2 EUGENIO HOYOS - CHICORAL BAJO-FILTRO EKOFIL;481;2
0003;PUNTO # 3 NOHORA PEREZ - EL JARDIN; NOHORA PEREZ - EL JARDIN;481;2
0004;PUNTO FIJO #0004;CASA FINCA FABIO OCAMPO;482;2
0002;PUNTO FIJO #0002;PUESTO DE SALUD;482;2
0005;FILTRO EKOFIL VIVIENDA FRANCISCO JAVIER ;FILTRO EKOFIL VIVIENDA FRANCISCO JAVIER ;483;2
0143;PUNTO FIJO # 0143;AL LADO CASA SR. JORGE SÁNCHEZ. OFICINA ACUASALUD LOMITAS. ;484;2
0003;PUNTO FIJO # 0003;IE JUSTINIANO ECHAVARRIA SECTOR SAN JOSE ;485;2
0024;VIVIENDA;GRIFO DE VIVIENDA;486;2
0003;CRUCERO ENTRADA A FUNDACION;;487;2
0002;PUNTO FIJO #0002;VIVIENDA ALFONSO HENAO;488;2
0002;PUNTO FIJO # 0002;VEREDA EL PLACER. VIVIENDA PRESIDENTE. ;489;2
0002;PUNTO FIJO # 2 PUESTO DE SALUD;PUNTO FIJO # 2 PUESTO DE SALUD;490;2
0044;VIVIENDA;;491;2
0042;VIVIENDA;;492;2
0001;PUNTO # 1 SECTOR ESCUELA - LOS RANCHOS - GRIFO DEL LAVADERO;PUNTO # 1 GRIFO DEL LAVADERO;493;2
2403;PUNTO FIJO # 2403;FINCA BELLAVISTA- VEREDA CENTELLA PARTE BAJA. INTRADOMICILIARIO.  PUNTO # 3.;494;2
0002;PUNTO # 2  ESCUELA EL RECREO GRIFO DEL LAVADERO;PUNTO # 2 GRIFO DEL LAVADERO;495;2
0002;PUNTO FIJO # 2 CONTIGUO VIVIENDA ROCIO CASTAÑO;PUNTO FIJO # 2;496;2
0001;PUNTO FIJO # 0001;ESCUELA - RESTAURANTE ESCOLAR;497;2
0002;PUNTO FIJO #0002;CASERIO EL BOSQUE - CASA DE ERNESTINA ECHEVERRY;498;2
0002;PUNTO FIJO # 0002;VIVIENDA GILBERTO RAMIREZ - VEREDA LIMONES;499;2
0005;FILTRO CASERO VIVIENDA ALEXANDER JURADO;VEREDA BUENOS AIRES - FILTRO CASERO VIVIENDA ALEXANDER JURADO;500;2
0003;PUNTO FIJO # 0003;ENTRADA VEREDA LA PEDREGOSA VDA EL RETIRO;501;2
0002;PUNTO FIJO # 0002;ENTRADA FINCA LA JULIANA;501;2
0002;PUNTO FIJO # 0002;VEREDA CHICORAL BAJO. CALLEJON ESCUELA LA LIBERTAD. GRIFO LAVADERO FINCA IBIZA SR. OSCAR ORJUELA.;502;2
0001;PUNTO FIJO # 0001;VEREDA ZARAGOZA: FRENTE A VIVIENDA SR. LUIS IVAN ALCARAZ.;503;2
0001;PUNTO  # 1 SECTOR VIVIENDA MARINA ARIAS - FINCA BUENAVISTA;PUNTO  # 1;504;2
2102;PUNTO FIJO # 2102;PREDIO SRA. ALICIA SALAS - SANTA MARIA PARTE ALTA. FRENTE PREDIO.;505;2
0004;FILTRO EKOFIL CASA DE YANETH IDARRAGA;FILTRO EKOFIL CASA DE YANETH IDARRAGA;506;2
0001;A LA ENTRADA DE LA PORTERIA;GRIFO;507;2
0002;PUNTO FIJO # 0002;I.E JOSE MARIA FALLA -VEREDA LA ESPERANZA ;508;2
0001;PUNTO FIJO #0001;JUNTO A I.E SAN JUAN BAUTISTA - VEREDA EL CRUCERO;509;2
0003;PUNTO FIJO # 0003;FRENTE A CASA DE CARLOS GUERRERO;509;2
0002;PUNTOFIJO#0002 DIDIER;VIVIENDA DIDIER RAMIREZ.;510;2
0001;PUNTO FIJO #0001;ESCUELA SAGRADA FAMILIA VDA EL GUADUAL ;511;2
0001;PUNTO FIJO # 1 FAMILIA PRADO - EL VERGEL ;PUNTO FIJO # 1;512;2
0001;PUNTO FIJO # 0001;VEREDA CENTELLA PARTE ALTA. VIVIENDA SR. OVIDIO VALENCIA CAPOTE. GRIFO INSTALADO EN EL LAVADERO.;513;2
0002;PUNTO FIJO #0002;FINCA LA NIDIA - VDA LA ESTRELLA;514;2
0002;PUNTO # 2 VIVIENDA MIGUEL VALENCIA - CAMPOALEGRE ALTO-FILTTRO INTRADOMICILIARIO;PUNTO # 2 VIVIENDA MIGUEL VALENCIA - CAMPOALEGRE ALTO-FILTRO INTRADOMICILIARIO;515;2
6002;PUNTO FIJO # 6002;OFICINA ACUAPORO – EL POMO. AL LADO POSTE ENTRADA CASA.;516;2
0002;PUNTO FIJO #0002;FINCA LA QUINTA-TIENDA DE LUCERITO V. EL EDEN;517;2
0002;PUNTO FIJO # 0002;BLOQUE 3 RANCHO;518;5
0001;PUNTO FIJO # 0001 ;SALIDA DEL TANQUE PTAP ;518;5
0004;PUNTO FIJO # 0004;BLOQUE 1 - TANQUE 9 - RANCHO ;518;5
0003;PUNTO FIJO # 0003;BLOQUE 4 - TANQUE 7 O 8 ;518;5
0002;PUNTO FIJO # 2 JAVIER GIRALDO CASA 20;PUNTO FIJO # 2;519;2
0004;PUNTO FIJO # 0004;COLEGIO POLICARPA SALAVARRIETA - CORREGIMIENTO SAN ISIDRO;520;2
0001;SALIDA TANQUE;SALIDA TANQUE;521;2
0004;FILTRO EKOFIL ESCUELA ANTONIO NARIÑO;FILTRO EKOFIL ESCUELA ANTONIO NARIÑO;521;2
0002;PUNTO FIJO # 0002;SECTOR CAMELIAS;523;2
0003;PUNTO FIJO # 3 PUESTO DE SALUD EL CRUCERO;PUNTO FIJO # 3 PUESTO DE SALUD EL CRUCERO;524;2
0101;BARRIO LAS MERCEDES;;525;2
0207;BARRIO LORETO;;525;2
0409;BARRIO TULIPANES DE LA ITALIA;;525;2
0002;PUNTO FIJO # 2 VIA CANEY DIAGONAL IGLESIA;PUNTO FIJO # 2;526;2
0001;PUNTO # 1 CASETA COMUNAL - SAN SALVADOR;PUNTO # 1;527;2
0003;PUNTO FIJO # 3 CASA MIRIAM, FAMILIA GONZALEZ - VEREDA EL SILENCIO;PUNTO FIJO # 3;527;2
0002;PUNTO FIJO # 2 PARQUE PRINCIPAL;PUNTO FIJO # 2;528;2
0002;PUNTO FIJO # 0002;ESCUELA TULIO RAMIREZ;529;2
0002;PUNTO FIJO # 2 - IE MANUEL MARIA MALLARINO;PUNTO FIJO # 2;530;2
0001;PUNTO FIJO # 0001;PUNTO 1. VEREDA LOMA LATA - LA BALASTRERA.;531;2
0001;PUNTO UBICADO A LA SALIDA DE LA PTAP;Es un punto de muestreo concertado de acuerdo con las especificaciones técnicas de acuerdo con la norma;532;2
0034;VIVIENDA;;533;2
0003;PUNTO FIJO # 3 FINCA ARCESIO DÍAZ;PUNTO FIJO # 3 FINCA ARCESIO DÍAZ;534;2
0002;PUNTO FIJO # 0002;FRENTE ESCUELA PROSPERO PINZÓN;535;2
0002;PUNTO FIJO #0002;FINCA EL AMPARO EN LA ORILLA DE LA VIA VERSALLES/ MARTHA SOFIA TORRES ;535;2
0001;PUNTO  # 1 CASA CARLOS MEJÍA;PUNTO  # 1 CASA CARLOS MEJÍA;536;2
4012;PUNTO # 3. ROMERITO BAJO;VEREDA ROMERITO BAJO. VIVIENDA CARLOS MOLINA VÍA MOZAMBIQUE.;537;2
0004;PUNTO FIJO # 0004; LLEGANDO A LA CANCHA DE FUTBOL;538;2
0005;FILTRO EKOFIL - ESCUELA GENERAL SANTANDER;FILTRO EKOFIL - ESCUELA GENERAL SANTANDER;539;2
0001;PUNTO FIJO # 1 FINCA VILLA SARITA - VEREDA GAVIOTA ALTA -;PUNTO FIJO # 1 FINCA VILLA SARITA - VEREDA GAVIOTA ALTA -;539;2
0001;FILTRO EKOFIL ESCUELA JHON F KENEDY;FILTRO EKOFIL ESCUELA JHON F KENEDY;539;2
0003;PUNTO FIJO # 3 CASA HERNAN ARANGO - GAVIOTA BAJO -;PUNTO FIJO # 3;539;2
0002;PUNTO FIJO # 0002;RESTAURANTE Y PIQUETEADERO CANECO VEREDA LA QUIEBRA DE SAN PABLO ;540;2
0003;CONDOMINIO PIEDRAGRANDE;CONDOMINIO PIEDRAGRANDE;541;2
0001;PTAP APROFINCA;JUNTO A TANQUE DE DISTRIBUCION;541;2
0003;PUNTO # 3 ESCUELA SEDE BELISARIO PEÑA - LAS MELENAS;;542;2
0002;PUNTO FIJO # 0002;VIVIENDA ANCIZAR LOAIZA -SECTOR CASA ROJA;543;2
0002;PUNTO FIJO # 0002;VEREDA PAVITAS.  FRENTE A LA OFICINA ACUEDUCTO PAVITAS.;544;2
8901;PUNTO # 1  FRENTE VIVIENDA IGNACIO GUERRERO - VDA COLORADOS GRIFO LAVAPLATOS;PUNTO # 1 GRIFO LAVAPLATOS;545;2
0182;PUNTO FIJO # 0182;AL LADO DE VIVIENDA SRA. TERESA LÓPEZ. CASETA LA TREMENDA ;546;2
0004;DISPOSITIVO DE TRATAMIENTO INTRADOMICILIARIO;SOLUCIÓN DE TRATAMIENTO DE AGUA INDIVIDUAL AL INTERIOR DE LA VIVIENDA LILIANA VERNAZA TIPO FILTRO;547;2
0003;DISPOSITIVO DE TRATAMIENTO INTRADOMICILIARIO;SOLUCIÓN DE TRATAMIENTO DE AGUA INDIVIDUAL AL INTERIOR DE LA VIVIENDA - TIPO FILTRO;548;2
0004;FILTRO EKOFIL - ESCUELA LA ALBANIA;FILTRO EKOFIL - ESCUELA LA ALBANIA;549;2
0003;PUNTO FIJO # 0003;AVENIDA PANAMERICANA CIUDAD COUNTRY ZONA VERDE CONJUNTO RESIDENCIAL MILANO ;550;5
0006;PUNTO FIJO # 0006;;550;5
0004;PUNTO FIJO # 0004;AVENIDA PANAMERICANA CIUDAD COUNTRY PTAR ;550;5
0005;PUNTO FIJO # 0005;AVENIDA PANAMERICANA CIUDAD COUNTRY INICIO DE LA RED PTAP ;550;5
0001;HIDRANTE 1;;550;5
0001;PUNTO FIJO # 0001;AVENIDA PANAMERICANA CUIDAD COUNTRY ZONA VERDE CONJUNTO RESIDENCIAL AL AZOR;550;5
0002;PUNTO FIJO # 0002;AVENIDA PANAMERICANA CIUDAD COUNTRY ZONA VERDE CONJUNTO RESIDENCIAL JACAMAR ;550;5
0036;VIVIENDA;;552;2
0001;PUNTO FIJO # 0001;VEREDA EL AGUACATE. VIVIENDA SR. JORGE ENRIQUE VASQUEZ.;553;2
0002;PUNTO FIJO # 2 CASA HERMES MONTAÑO;PUNTO FIJO # 2;554;2
0001;PUNTO # 1 EL CRUCERO - CERCANÍA A CASETA COMUNAL -;PUNTO # 1;555;2
5003;PUNTO FIJO # 5003;CORREGIMIENTO OCACHE PARTE ALTA. CALLEJÓN LA PARCELA. FRENTE A VIVIENDA EL ALEMÁN, AL LADO ENTRADA FINCA.;556;2
8001;PUNTO FIJO # 8001;CORREGIMIENTO OCACHE PARTE ALTA. VÍA VIJES-MONTAÑITAS. AL LADO VÍA, FRENTE A ANTIGUA INSPECCIÓN DE POLICÍA.;556;2
0004;PUNTO FIJO # 0004;COLINAS DE MIRAVALLE - UBICADO FRENTE A LA CASA 15;558;5
0001;PUNTO FIJO # 0001;COLINAS DE MIRAVALLE 1 - UBICADO AL INTERIOR DE LA PORTERIA ;558;5
0001;PUNTO # 1 CR 22 SAN JORGE - PARQUE RECREACIONAL GRIFO LAVADERO;PUNTO # 1 GRIFO LAVADERO;559;2
0001;PUNTO FIJO # 0001;CASA LOTE SR. GREGORIO VALDES. LOTE 65. ;560;2
0003;PUNTO FIJO 0003 - CL 22 CR 46 ;CL 22 CR 46 ;561;5
0004;PUNTO FIJO 0004 - CL 22 CR 40C - SECTOR PAISAJES DE LAS FLORES ;CL 22 CR 40C - SECTOR PAISAJES DE LAS FLORES ;561;5
0005;PUNTO FIJO - CL 22 ENTRE CR 46 Y 46A ;PUNTO FIJO - CL 22 ENTRE CR 49 - RESERVAS 2;561;5
0006;PUNTO FIJO 0006 - CL 22 CON CR 51 - ENTRE SECTOR 8 Y MOLINOS ;CL 22 CON CR 51 - ENTRE SECTOR 8 Y MOLINOS ;561;5
0001;PUNTO FIJO # 0001 - CALLE 20 CARRERA 54;CALLE 20 CARRERA 54 CIUDADELA FARALLONES FRENTE SOBRE ZONA VERDE ;561;5
0004;PUNTO FIJO # 4 CLUB NAUTICO ;PUNTO FIJO # 4;562;2
0003;PUNTO FIJO # 1 ASENTAMIENTO FRENTE ESCUELA;PUNTO FIJO # 3;563;2
0040;VIVIENDA;;564;2
0002;PUNTO FIJO # 0002;FINCA LA ESTRELLA CANCHA DE BASQUET V/PUENTE  TIERRA;565;2
0002;PUNTO FIJO # 2 SECTOR VIVIENDA  ALONSO CASTAÑO;PUNTO FIJO # 2 SECTOR VIVIENDA  ALONSO CASTAÑO;566;2
0001;PUNTO # 1 PARCELA 14 DARIO DUCUARA ;PUNTO # 1 PARCELA 14 DARIO DUCUARA ;567;2
0002;FRENTE A LA IGLESIA ;Punto Intermedio Instalado al Frente de la Iglesia ;568;5
0004;CIUDADELA DEL VIENTO ;Punto Extremo de Red Instalado en Sector 6;568;5
0001;SALIDA DE PTAP ;Inicio de Red Punto Instalado en Salida de PTAP;568;5
1002;PUNTO FIJO # 1002;CORREGIMIENTO ATUNCELA. SECTOR LAS COMPARTICIONES. ESQUINA DE FINCA EL SILENCIO.;569;2
0001;DISPOSITIVO DE TRATAMIENTO INTRADOMICILIARIO. MARIA BENITEZ;SOLUCIÓN DE TRATAMIENTO DE AGUA INDIVIDUAL AL INTERIOR DE LA VIVIENDA SRA MARIA BENITEZ FILTRO EKOFILL. CORREGIMIENTO ATUNCELA.;569;2
0001;PUNTO # 1 GRIFO LAVADERO FRENTE ESCUELA ROSA ZARATE  LA JUDEADE PEÑA ;PUNTO # 1 GRIFO LAVADERO;570;2
0001;PUNTO # 1 ESCUELA JUAN DEL CORRAL;CORREGIMIENTO ZABALETAS. ESCUELA JUAN DEL CORRAL -  PUNTO # 1;571;2
0004;PUNTO FIJO 0004 MAS ALEJADO;Guadual del Edén, punto más alejado de la PTAP;572;5
0001;PUNTO FIJO 0001 SALIDA PTAP;salida PTAP;572;5
0002;PUNTO FIJO 0002 INICIO DE SECTOR I;GUADUAL DEL EDEN INICIO SECTOR I;572;5
0003;PUNTO FIJO 0003 CERCANO A PURGA;Guadual del Edén;572;5
0001;PUNTO FIJO # 1 - SECTOR FINCA JOAQUÍN CANO;PUNTO FIJO # 1;573;2
0001;PUNTO FIJO # 0001;IE JOSE CELESTINO MUTIS V/DA REAL PLACER- ANSERMANUEVO;574;2
0001;0001;SALIDA DEL TANQUE DE ALMACENAMIENTO. CORREGIMIENTO EL LAURO;575;1
0001;0001;DESPUES DEL MACROMEDIDOR DE LA SALIDA DE LA RED DE CONDUCCION DE AGUA TRATADA HACÍA LA RED DE DISTRIBUCION;575;1
0001;0001;FINCA LA LINDA;575;1
0002;0002;COSTADO DE LA EMPRESA CARVAJAL S.A, CARRERA 14 CALLEJÓN LAS AREPAS;575;1
0003;0003;CARRERA 7 CON CALLE 11 BARRIO SUGRA;575;1
0001;0001;CALLE 5 CARRERA 11 BARRIO LOS MANGOS;575;1
0001;0001;FRENTE A LA CANCHA DE FÚTBOL, VÍA SAN JOAQUÍN - EL TIPLE;575;1
0001;0001;SALIDAD DEL TANQUE DE ALMACENAMIENTO, CALLE 16 CARRERA 11;575;1
0006;0006;AL LADO DE LA ESTACIÓN DE BOMBEO DE AGUAS LLUVIAS, CALLEJÓN DE AGUILA ROJA, URB. EL RENACER DEL CARMELO;575;1
0002;0002;AL COSTADO DEL PUESTO DE SALUD;575;1
0005;0005;CALLEJÓN CANTALAMOTA, FRENTE AL POSTE  4840;575;1
0001;PUNTO #1 VIVIENDA MARIA ACENET COBO - FINAL;PUNTO #1 VIVIENDA MARIA ACENET COBO - FINAL;576;2
0001;PUNTO FIJO # 0001;VEREDA AGUA CLARA, VIVIENDA ADEMILIA GUARNIZO. PUNTO FIJO # 0001. ;577;2
0029;PUNTO FIJO # 0029;BARRIO COREA - KM 30. ESQUINA DE PARQUE FRENTE IGLESIA.;578;2
0001;PUNTO FIJO # 1801;I.E. MIGUEL ANTONIO CARO, SEDE ATANASIO GIRARDOT - AL LADO DE PUERTA ENTRADA ESCUELA. PROVIDENCIA PARTE ALTA.;579;2
0001;PUNTO FIJO # 1;CORREGIMIENTO COSTA RICA, BARRIO EL JARDIN. CASA SRA. ODILIA SALINAS. PUNTO # 1.;0;2
0001;PUNTO FIJO # 0001;CORREGIMIENTO LA FLORESTA.  VIVIENDA DEL SR. BARONIO SÁNCHEZ. GRIFO INSTALADO EN EL LAVADERO.;0;2
0003;PUNTO N° 3.;VEREDA LA CUESTA. GINEBRA. LA VIRGEN. PUNTO N° 3.;0;2
0001;PUNTO FIJO # 0001;VEREDA LOMA GORDA. FINCA CARBONCILLO - GRIFO INSTALADO EN FINCA. ;0;2
0002;PUNTO FIJO # 0002;CORREGIMIENTO COSTA RICA. BARRIO PUEBLO NUEVO. VIVIENDA DEL FONTANERO. VIVIENDA ELIEL ROPERO.;0;2
0001;PUNTO # 001. CASETA COMUNAL;VEREDA BARRANCO BAJO. CASETA COMUNAL. PUNTO # 001.;0;2
